{
"meta":{"test_sets":[],"test_metrics":[],"learn_metrics":[{"best_value":"Min","name":"RMSE"}],"launch_mode":"Train","parameters":"","iteration_count":1000,"learn_sets":["learn"],"name":"experiment"},
"iterations":[
{"learn":[4.235838801],"iteration":0,"passed_time":0.001512332887,"remaining_time":1.510820554},
{"learn":[4.186674232],"iteration":1,"passed_time":0.003044515727,"remaining_time":1.519213348},
{"learn":[4.144600986],"iteration":2,"passed_time":0.004370510145,"remaining_time":1.452466205},
{"learn":[4.101536753],"iteration":3,"passed_time":0.005812113376,"remaining_time":1.447216231},
{"learn":[4.070145986],"iteration":4,"passed_time":0.007359535712,"remaining_time":1.464547607},
{"learn":[4.027806881],"iteration":5,"passed_time":0.008738234109,"remaining_time":1.447634117},
{"learn":[4.003256997],"iteration":6,"passed_time":0.01024632927,"remaining_time":1.453514996},
{"learn":[3.962160751],"iteration":7,"passed_time":0.0116435844,"remaining_time":1.443804465},
{"learn":[3.925214572],"iteration":8,"passed_time":0.01325530466,"remaining_time":1.459556324},
{"learn":[3.88400502],"iteration":9,"passed_time":0.01464000527,"remaining_time":1.449360522},
{"learn":[3.833616963],"iteration":10,"passed_time":0.01560750014,"remaining_time":1.403256149},
{"learn":[3.782421746],"iteration":11,"passed_time":0.01637321565,"remaining_time":1.348061422},
{"learn":[3.741784839],"iteration":12,"passed_time":0.01733091113,"remaining_time":1.315816099},
{"learn":[3.70781355],"iteration":13,"passed_time":0.01863806826,"remaining_time":1.312652522},
{"learn":[3.672021254],"iteration":14,"passed_time":0.0200660846,"remaining_time":1.317672889},
{"learn":[3.633500905],"iteration":15,"passed_time":0.02146146635,"remaining_time":1.319880181},
{"learn":[3.591245449],"iteration":16,"passed_time":0.022914562,"remaining_time":1.32500085},
{"learn":[3.559783967],"iteration":17,"passed_time":0.02433844048,"remaining_time":1.327797142},
{"learn":[3.528886175],"iteration":18,"passed_time":0.02555533898,"remaining_time":1.319462502},
{"learn":[3.496955],"iteration":19,"passed_time":0.02672008425,"remaining_time":1.309284128},
{"learn":[3.459424647],"iteration":20,"passed_time":0.02781577284,"remaining_time":1.296744839},
{"learn":[3.433249719],"iteration":21,"passed_time":0.02886685315,"remaining_time":1.283262835},
{"learn":[3.402560929],"iteration":22,"passed_time":0.02998665948,"remaining_time":1.273781144},
{"learn":[3.373179479],"iteration":23,"passed_time":0.03123779574,"remaining_time":1.270337027},
{"learn":[3.334995383],"iteration":24,"passed_time":0.03232828404,"remaining_time":1.260803077},
{"learn":[3.305914585],"iteration":25,"passed_time":0.03440243922,"remaining_time":1.2887683},
{"learn":[3.267266297],"iteration":26,"passed_time":0.03531384308,"remaining_time":1.272606271},
{"learn":[3.238298061],"iteration":27,"passed_time":0.03715808321,"remaining_time":1.289916317},
{"learn":[3.207875249],"iteration":28,"passed_time":0.03858780292,"remaining_time":1.292026091},
{"learn":[3.16974503],"iteration":29,"passed_time":0.0396581714,"remaining_time":1.282280875},
{"learn":[3.143194496],"iteration":30,"passed_time":0.04075029294,"remaining_time":1.273775286},
{"learn":[3.111256697],"iteration":31,"passed_time":0.04201351345,"remaining_time":1.270908782},
{"learn":[3.0856041],"iteration":32,"passed_time":0.04320426018,"remaining_time":1.266015745},
{"learn":[3.053029304],"iteration":33,"passed_time":0.04429663221,"remaining_time":1.258545492},
{"learn":[3.028610024],"iteration":34,"passed_time":0.04547030515,"remaining_time":1.253681271},
{"learn":[2.99486886],"iteration":35,"passed_time":0.04677200115,"remaining_time":1.252450253},
{"learn":[2.974235431],"iteration":36,"passed_time":0.04791208761,"remaining_time":1.247009199},
{"learn":[2.946814003],"iteration":37,"passed_time":0.04910285439,"remaining_time":1.243077524},
{"learn":[2.926226937],"iteration":38,"passed_time":0.05060766271,"remaining_time":1.247024715},
{"learn":[2.892877831],"iteration":39,"passed_time":0.05207102902,"remaining_time":1.249704696},
{"learn":[2.867282218],"iteration":40,"passed_time":0.0534918912,"remaining_time":1.251188382},
{"learn":[2.830735574],"iteration":41,"passed_time":0.05451626866,"remaining_time":1.243490128},
{"learn":[2.800292121],"iteration":42,"passed_time":0.0558525835,"remaining_time":1.243044707},
{"learn":[2.776574648],"iteration":43,"passed_time":0.05708745757,"remaining_time":1.24035476},
{"learn":[2.743850146],"iteration":44,"passed_time":0.05765842764,"remaining_time":1.223639964},
{"learn":[2.717534192],"iteration":45,"passed_time":0.05878901531,"remaining_time":1.219233057},
{"learn":[2.690290472],"iteration":46,"passed_time":0.06003272186,"remaining_time":1.217259233},
{"learn":[2.67454054],"iteration":47,"passed_time":0.06129319159,"remaining_time":1.2156483},
{"learn":[2.65100987],"iteration":48,"passed_time":0.06238477205,"remaining_time":1.210773841},
{"learn":[2.634672761],"iteration":49,"passed_time":0.06359136014,"remaining_time":1.208235843},
{"learn":[2.612424607],"iteration":50,"passed_time":0.06478803862,"remaining_time":1.20556566},
{"learn":[2.583393194],"iteration":51,"passed_time":0.06600983681,"remaining_time":1.203410102},
{"learn":[2.561986339],"iteration":52,"passed_time":0.06726097808,"remaining_time":1.20181408},
{"learn":[2.531307756],"iteration":53,"passed_time":0.06848962983,"remaining_time":1.199836849},
{"learn":[2.509672696],"iteration":54,"passed_time":0.06996980941,"remaining_time":1.202208544},
{"learn":[2.484592174],"iteration":55,"passed_time":0.07122978316,"remaining_time":1.20073063},
{"learn":[2.464711863],"iteration":56,"passed_time":0.07240695303,"remaining_time":1.197890468},
{"learn":[2.435959348],"iteration":57,"passed_time":0.07360160248,"remaining_time":1.195391544},
{"learn":[2.419489529],"iteration":58,"passed_time":0.07508768876,"remaining_time":1.197585002},
{"learn":[2.397523724],"iteration":59,"passed_time":0.0762151803,"remaining_time":1.194037825},
{"learn":[2.379334436],"iteration":60,"passed_time":0.07723663697,"remaining_time":1.18893774},
{"learn":[2.348354899],"iteration":61,"passed_time":0.07825420094,"remaining_time":1.18391033},
{"learn":[2.331248481],"iteration":62,"passed_time":0.07929794673,"remaining_time":1.17939962},
{"learn":[2.304871265],"iteration":63,"passed_time":0.08020712117,"remaining_time":1.173029147},
{"learn":[2.286040703],"iteration":64,"passed_time":0.08127220419,"remaining_time":1.169069399},
{"learn":[2.258694539],"iteration":65,"passed_time":0.08228565001,"remaining_time":1.164466623},
{"learn":[2.232249015],"iteration":66,"passed_time":0.08333012224,"remaining_time":1.160403046},
{"learn":[2.20549101],"iteration":67,"passed_time":0.0845520056,"remaining_time":1.158859841},
{"learn":[2.187042409],"iteration":68,"passed_time":0.08566773887,"remaining_time":1.155893694},
{"learn":[2.162100904],"iteration":69,"passed_time":0.08627682938,"remaining_time":1.146249305},
{"learn":[2.141664191],"iteration":70,"passed_time":0.08734442738,"remaining_time":1.142858775},
{"learn":[2.121323715],"iteration":71,"passed_time":0.0885162667,"remaining_time":1.140876326},
{"learn":[2.103819507],"iteration":72,"passed_time":0.08980290322,"remaining_time":1.140373853},
{"learn":[2.079680487],"iteration":73,"passed_time":0.09081642919,"remaining_time":1.136432614},
{"learn":[2.056849666],"iteration":74,"passed_time":0.09186021005,"remaining_time":1.132942591},
{"learn":[2.038994668],"iteration":75,"passed_time":0.09289981765,"remaining_time":1.129466204},
{"learn":[2.024035133],"iteration":76,"passed_time":0.09393655958,"remaining_time":1.12601876},
{"learn":[1.99998906],"iteration":77,"passed_time":0.09497623732,"remaining_time":1.122667831},
{"learn":[1.984196111],"iteration":78,"passed_time":0.09603815407,"remaining_time":1.119634682},
{"learn":[1.967779253],"iteration":79,"passed_time":0.09710877806,"remaining_time":1.116750948},
{"learn":[1.950834918],"iteration":80,"passed_time":0.09820482736,"remaining_time":1.114200449},
{"learn":[1.932799927],"iteration":81,"passed_time":0.09926165905,"remaining_time":1.111246378},
{"learn":[1.915035496],"iteration":82,"passed_time":0.1003023688,"remaining_time":1.108159906},
{"learn":[1.899174702],"iteration":83,"passed_time":0.1014245549,"remaining_time":1.106010622},
{"learn":[1.884163901],"iteration":84,"passed_time":0.1031431513,"remaining_time":1.110305688},
{"learn":[1.869573101],"iteration":85,"passed_time":0.1044503586,"remaining_time":1.110088695},
{"learn":[1.851990995],"iteration":86,"passed_time":0.1056534297,"remaining_time":1.108753808},
{"learn":[1.837937694],"iteration":87,"passed_time":0.1068819011,"remaining_time":1.107685157},
{"learn":[1.825608021],"iteration":88,"passed_time":0.1082024197,"remaining_time":1.107555105},
{"learn":[1.809970171],"iteration":89,"passed_time":0.1093499358,"remaining_time":1.105649351},
{"learn":[1.790224607],"iteration":90,"passed_time":0.1105392898,"remaining_time":1.104178181},
{"learn":[1.775441742],"iteration":91,"passed_time":0.1116915905,"remaining_time":1.102347436},
{"learn":[1.76120118],"iteration":92,"passed_time":0.1129869142,"remaining_time":1.101926141},
{"learn":[1.744260626],"iteration":93,"passed_time":0.1143368961,"remaining_time":1.102013062},
{"learn":[1.729617182],"iteration":94,"passed_time":0.1154854092,"remaining_time":1.100150477},
{"learn":[1.717320133],"iteration":95,"passed_time":0.1166557255,"remaining_time":1.098508082},
{"learn":[1.705569679],"iteration":96,"passed_time":0.1179250979,"remaining_time":1.097797561},
{"learn":[1.691721852],"iteration":97,"passed_time":0.1191641903,"remaining_time":1.096796935},
{"learn":[1.679718798],"iteration":98,"passed_time":0.1203131593,"remaining_time":1.094971278},
{"learn":[1.66484596],"iteration":99,"passed_time":0.1213390498,"remaining_time":1.092051448},
{"learn":[1.647998928],"iteration":100,"passed_time":0.1224460307,"remaining_time":1.089890907},
{"learn":[1.629276028],"iteration":101,"passed_time":0.1233204915,"remaining_time":1.085703935},
{"learn":[1.616680383],"iteration":102,"passed_time":0.1246278239,"remaining_time":1.085351049},
{"learn":[1.598936584],"iteration":103,"passed_time":0.1255673084,"remaining_time":1.081810657},
{"learn":[1.582350791],"iteration":104,"passed_time":0.1269127463,"remaining_time":1.081780075},
{"learn":[1.566529355],"iteration":105,"passed_time":0.1281021754,"remaining_time":1.080408913},
{"learn":[1.554740072],"iteration":106,"passed_time":0.1291672935,"remaining_time":1.078003674},
{"learn":[1.539965228],"iteration":107,"passed_time":0.1303879344,"remaining_time":1.076907754},
{"learn":[1.527538396],"iteration":108,"passed_time":0.1315213076,"remaining_time":1.075096193},
{"learn":[1.516016412],"iteration":109,"passed_time":0.1326215853,"remaining_time":1.07302919},
{"learn":[1.501117137],"iteration":110,"passed_time":0.1337601337,"remaining_time":1.071286116},
{"learn":[1.487663003],"iteration":111,"passed_time":0.1348183882,"remaining_time":1.068917221},
{"learn":[1.471220831],"iteration":112,"passed_time":0.1359037814,"remaining_time":1.06678455},
{"learn":[1.456015332],"iteration":113,"passed_time":0.1370609617,"remaining_time":1.065228176},
{"learn":[1.443887913],"iteration":114,"passed_time":0.1381997757,"remaining_time":1.063537404},
{"learn":[1.431268571],"iteration":115,"passed_time":0.1394000963,"remaining_time":1.062324872},
{"learn":[1.421365057],"iteration":116,"passed_time":0.1405358693,"remaining_time":1.060625407},
{"learn":[1.40775516],"iteration":117,"passed_time":0.1416545534,"remaining_time":1.058807763},
{"learn":[1.397013813],"iteration":118,"passed_time":0.142814424,"remaining_time":1.057306786},
{"learn":[1.381185201],"iteration":119,"passed_time":0.1440225902,"remaining_time":1.056165662},
{"learn":[1.370581153],"iteration":120,"passed_time":0.1452783155,"remaining_time":1.05536892},
{"learn":[1.354296992],"iteration":121,"passed_time":0.1461047512,"remaining_time":1.051475177},
{"learn":[1.34217386],"iteration":122,"passed_time":0.1473572302,"remaining_time":1.050669031},
{"learn":[1.327946792],"iteration":123,"passed_time":0.1484637001,"remaining_time":1.048824204},
{"learn":[1.317921897],"iteration":124,"passed_time":0.1495832559,"remaining_time":1.047082791},
{"learn":[1.30679242],"iteration":125,"passed_time":0.1507063788,"remaining_time":1.045375993},
{"learn":[1.296675451],"iteration":126,"passed_time":0.15177812,"remaining_time":1.043325187},
{"learn":[1.283733907],"iteration":127,"passed_time":0.1529512519,"remaining_time":1.041980403},
{"learn":[1.273600483],"iteration":128,"passed_time":0.1541966668,"remaining_time":1.041126332},
{"learn":[1.264080397],"iteration":129,"passed_time":0.1553525445,"remaining_time":1.039667029},
{"learn":[1.253403575],"iteration":130,"passed_time":0.1565085174,"remaining_time":1.03821299},
{"learn":[1.245154148],"iteration":131,"passed_time":0.1578305089,"remaining_time":1.037855165},
{"learn":[1.233820944],"iteration":132,"passed_time":0.159143688,"remaining_time":1.037425395},
{"learn":[1.222869075],"iteration":133,"passed_time":0.1602604383,"remaining_time":1.035712982},
{"learn":[1.209955717],"iteration":134,"passed_time":0.1613068794,"remaining_time":1.033558894},
{"learn":[1.20054434],"iteration":135,"passed_time":0.162495562,"remaining_time":1.032324747},
{"learn":[1.18787545],"iteration":136,"passed_time":0.1637679904,"remaining_time":1.031618801},
{"learn":[1.176019208],"iteration":137,"passed_time":0.1650083955,"remaining_time":1.030704615},
{"learn":[1.165490597],"iteration":138,"passed_time":0.1662277087,"remaining_time":1.029655088},
{"learn":[1.155093034],"iteration":139,"passed_time":0.167411151,"remaining_time":1.028382785},
{"learn":[1.144246938],"iteration":140,"passed_time":0.1686721067,"remaining_time":1.027583969},
{"learn":[1.134060238],"iteration":141,"passed_time":0.1698650728,"remaining_time":1.026367834},
{"learn":[1.120150945],"iteration":142,"passed_time":0.1710355745,"remaining_time":1.025017394},
{"learn":[1.108803516],"iteration":143,"passed_time":0.1721681762,"remaining_time":1.023444158},
{"learn":[1.098336604],"iteration":144,"passed_time":0.1734296328,"remaining_time":1.022636801},
{"learn":[1.088259889],"iteration":145,"passed_time":0.1746046885,"remaining_time":1.021317836},
{"learn":[1.072461544],"iteration":146,"passed_time":0.175422918,"remaining_time":1.017930265},
{"learn":[1.063004861],"iteration":147,"passed_time":0.1767119993,"remaining_time":1.017287996},
{"learn":[1.055502885],"iteration":148,"passed_time":0.1778058443,"remaining_time":1.01552197},
{"learn":[1.046221003],"iteration":149,"passed_time":0.1789011822,"remaining_time":1.013773366},
{"learn":[1.032350174],"iteration":150,"passed_time":0.1797989791,"remaining_time":1.010922737},
{"learn":[1.023096295],"iteration":151,"passed_time":0.1810520091,"remaining_time":1.01007963},
{"learn":[1.013688904],"iteration":152,"passed_time":0.182395954,"remaining_time":1.009734465},
{"learn":[1.004654997],"iteration":153,"passed_time":0.1835568868,"remaining_time":1.008370949},
{"learn":[0.9936452994],"iteration":154,"passed_time":0.1846576454,"remaining_time":1.006682002},
{"learn":[0.985798299],"iteration":155,"passed_time":0.1859779385,"remaining_time":1.006188334},
{"learn":[0.9768682044],"iteration":156,"passed_time":0.1870655511,"remaining_time":1.004434775},
{"learn":[0.9700267597],"iteration":157,"passed_time":0.1880884657,"remaining_time":1.002344862},
{"learn":[0.960373665],"iteration":158,"passed_time":0.1892251755,"remaining_time":1.000870268},
{"learn":[0.9533075714],"iteration":159,"passed_time":0.1903185996,"remaining_time":0.9991726479},
{"learn":[0.9447516177],"iteration":160,"passed_time":0.1913895943,"remaining_time":0.9973656499},
{"learn":[0.9350989454],"iteration":161,"passed_time":0.1924527636,"remaining_time":0.9955272584},
{"learn":[0.9273563608],"iteration":162,"passed_time":0.1935622394,"remaining_time":0.993936162},
{"learn":[0.919085976],"iteration":163,"passed_time":0.1947075663,"remaining_time":0.9925336915},
{"learn":[0.9109343787],"iteration":164,"passed_time":0.1958557037,"remaining_time":0.991148561},
{"learn":[0.9032108475],"iteration":165,"passed_time":0.1969639521,"remaining_time":0.98956588},
{"learn":[0.8965799151],"iteration":166,"passed_time":0.1981420639,"remaining_time":0.9883373604},
{"learn":[0.8895755886],"iteration":167,"passed_time":0.1991827436,"remaining_time":0.9864288253},
{"learn":[0.881969602],"iteration":168,"passed_time":0.2002039247,"remaining_time":0.984434683},
{"learn":[0.8741797746],"iteration":169,"passed_time":0.2013119778,"remaining_time":0.9828761268},
{"learn":[0.8664486263],"iteration":170,"passed_time":0.2024081874,"remaining_time":0.9812654231},
{"learn":[0.8595866234],"iteration":171,"passed_time":0.2034784056,"remaining_time":0.9795355804},
{"learn":[0.8521597178],"iteration":172,"passed_time":0.204350672,"remaining_time":0.9768670851},
{"learn":[0.8450558914],"iteration":173,"passed_time":0.2054902174,"remaining_time":0.9754880434},
{"learn":[0.8368217395],"iteration":174,"passed_time":0.206499034,"remaining_time":0.9734954462},
{"learn":[0.8270202882],"iteration":175,"passed_time":0.2076689696,"remaining_time":0.9722683576},
{"learn":[0.819434546],"iteration":176,"passed_time":0.2086759626,"remaining_time":0.9702842782},
{"learn":[0.8137120408],"iteration":177,"passed_time":0.2097413412,"remaining_time":0.9685808005},
{"learn":[0.8064968324],"iteration":178,"passed_time":0.2107878926,"remaining_time":0.9667980994},
{"learn":[0.7996768821],"iteration":179,"passed_time":0.2117849459,"remaining_time":0.9647980871},
{"learn":[0.7898065308],"iteration":180,"passed_time":0.2128414266,"remaining_time":0.9630780574},
{"learn":[0.7826763891],"iteration":181,"passed_time":0.2152018788,"remaining_time":0.9672260265},
{"learn":[0.7736835173],"iteration":182,"passed_time":0.2166195997,"remaining_time":0.96709406},
{"learn":[0.7666229522],"iteration":183,"passed_time":0.217775748,"remaining_time":0.9657880998},
{"learn":[0.7593239462],"iteration":184,"passed_time":0.2188717472,"remaining_time":0.9642187782},
{"learn":[0.7511818564],"iteration":185,"passed_time":0.2201778322,"remaining_time":0.9635739539},
{"learn":[0.7424344253],"iteration":186,"passed_time":0.2213336248,"remaining_time":0.9622686467},
{"learn":[0.7352643239],"iteration":187,"passed_time":0.2224251551,"remaining_time":0.9606873721},
{"learn":[0.72882774],"iteration":188,"passed_time":0.2236102156,"remaining_time":0.9595126183},
{"learn":[0.7224916731],"iteration":189,"passed_time":0.2250691582,"remaining_time":0.9595053584},
{"learn":[0.7148580139],"iteration":190,"passed_time":0.2263117976,"remaining_time":0.9585667238},
{"learn":[0.7095027762],"iteration":191,"passed_time":0.2275511405,"remaining_time":0.9576110497},
{"learn":[0.7016043986],"iteration":192,"passed_time":0.2283440448,"remaining_time":0.9547857211},
{"learn":[0.6952436719],"iteration":193,"passed_time":0.2295360891,"remaining_time":0.9536396281},
{"learn":[0.6898481854],"iteration":194,"passed_time":0.2307002132,"remaining_time":0.9523778031},
{"learn":[0.6838711926],"iteration":195,"passed_time":0.2319286194,"remaining_time":0.9513806635},
{"learn":[0.6770552874],"iteration":196,"passed_time":0.2330759953,"remaining_time":0.9500508846},
{"learn":[0.6715126526],"iteration":197,"passed_time":0.2345537902,"remaining_time":0.9500613118},
{"learn":[0.6650776292],"iteration":198,"passed_time":0.2358605566,"remaining_time":0.9493683709},
{"learn":[0.6587513386],"iteration":199,"passed_time":0.2372659782,"remaining_time":0.9490639128},
{"learn":[0.6526851975],"iteration":200,"passed_time":0.238497846,"remaining_time":0.9480586017},
{"learn":[0.6474247358],"iteration":201,"passed_time":0.239762489,"remaining_time":0.9471805257},
{"learn":[0.6419912183],"iteration":202,"passed_time":0.2409315231,"remaining_time":0.9459232703},
{"learn":[0.6374846769],"iteration":203,"passed_time":0.2420933225,"remaining_time":0.9446386506},
{"learn":[0.6329283231],"iteration":204,"passed_time":0.2432763239,"remaining_time":0.9434374513},
{"learn":[0.6266857458],"iteration":205,"passed_time":0.2443516021,"remaining_time":0.9418212237},
{"learn":[0.6220831864],"iteration":206,"passed_time":0.2455435208,"remaining_time":0.9406570629},
{"learn":[0.61699925],"iteration":207,"passed_time":0.24688689,"remaining_time":0.9400693118},
{"learn":[0.6111531319],"iteration":208,"passed_time":0.2480307038,"remaining_time":0.9387190752},
{"learn":[0.6066849021],"iteration":209,"passed_time":0.2494470467,"remaining_time":0.9383960329},
{"learn":[0.601273289],"iteration":210,"passed_time":0.251121421,"remaining_time":0.9390274936},
{"learn":[0.5938718778],"iteration":211,"passed_time":0.2522197548,"remaining_time":0.9374960698},
{"learn":[0.5880732775],"iteration":212,"passed_time":0.2533577969,"remaining_time":0.936115428},
{"learn":[0.5839014758],"iteration":213,"passed_time":0.2545663091,"remaining_time":0.9349958831},
{"learn":[0.5781121803],"iteration":214,"passed_time":0.2557142812,"remaining_time":0.9336544686},
{"learn":[0.5721337259],"iteration":215,"passed_time":0.256836863,"remaining_time":0.932222688},
{"learn":[0.5661057053],"iteration":216,"passed_time":0.2577529061,"remaining_time":0.9300485044},
{"learn":[0.5612494375],"iteration":217,"passed_time":0.2588830128,"remaining_time":0.9286537431},
{"learn":[0.5547305407],"iteration":218,"passed_time":0.2600222476,"remaining_time":0.9272939513},
{"learn":[0.5507463146],"iteration":219,"passed_time":0.2613570494,"remaining_time":0.9266295388},
{"learn":[0.5468189297],"iteration":220,"passed_time":0.262789745,"remaining_time":0.9263041238},
{"learn":[0.5424733823],"iteration":221,"passed_time":0.2639519853,"remaining_time":0.9250209215},
{"learn":[0.537736198],"iteration":222,"passed_time":0.2651116205,"remaining_time":0.923729727},
{"learn":[0.5339889751],"iteration":223,"passed_time":0.2662045433,"remaining_time":0.9222085963},
{"learn":[0.5290785627],"iteration":224,"passed_time":0.2674275542,"remaining_time":0.9211393533},
{"learn":[0.5255712336],"iteration":225,"passed_time":0.2687069664,"remaining_time":0.9202619115},
{"learn":[0.5224148224],"iteration":226,"passed_time":0.2697159531,"remaining_time":0.9184600517},
{"learn":[0.518040459],"iteration":227,"passed_time":0.2707177859,"remaining_time":0.9166409242},
{"learn":[0.5144843803],"iteration":228,"passed_time":0.2717075048,"remaining_time":0.9147881493},
{"learn":[0.5103793683],"iteration":229,"passed_time":0.2728167405,"remaining_time":0.9133430008},
{"learn":[0.5060306323],"iteration":230,"passed_time":0.2738813075,"remaining_time":0.9117520583},
{"learn":[0.502404247],"iteration":231,"passed_time":0.2749278789,"remaining_time":0.9101060818},
{"learn":[0.4981795389],"iteration":232,"passed_time":0.2759619856,"remaining_time":0.9084242187},
{"learn":[0.4938617409],"iteration":233,"passed_time":0.2772539427,"remaining_time":0.9075919661},
{"learn":[0.4897784971],"iteration":234,"passed_time":0.2785245374,"remaining_time":0.9066862601},
{"learn":[0.4860432528],"iteration":235,"passed_time":0.2797806335,"remaining_time":0.9057305254},
{"learn":[0.4828267986],"iteration":236,"passed_time":0.2808157923,"remaining_time":0.9040609684},
{"learn":[0.4784044077],"iteration":237,"passed_time":0.281844318,"remaining_time":0.9023755054},
{"learn":[0.4754332627],"iteration":238,"passed_time":0.2831165657,"remaining_time":0.9014715752},
{"learn":[0.4700052474],"iteration":239,"passed_time":0.2841655221,"remaining_time":0.8998574867},
{"learn":[0.4663032596],"iteration":240,"passed_time":0.2851692884,"remaining_time":0.8981057673},
{"learn":[0.4621155199],"iteration":241,"passed_time":0.2861651795,"remaining_time":0.8963355622},
{"learn":[0.4586408164],"iteration":242,"passed_time":0.2871567721,"remaining_time":0.8945583393},
{"learn":[0.4542391844],"iteration":243,"passed_time":0.2881710899,"remaining_time":0.8928579672},
{"learn":[0.4502295882],"iteration":244,"passed_time":0.2891419715,"remaining_time":0.8910293408},
{"learn":[0.4467076404],"iteration":245,"passed_time":0.2901644252,"remaining_time":0.8893657585},
{"learn":[0.4438665372],"iteration":246,"passed_time":0.2911477915,"remaining_time":0.8875882063},
{"learn":[0.4404056228],"iteration":247,"passed_time":0.292434418,"remaining_time":0.8867366222},
{"learn":[0.4363743814],"iteration":248,"passed_time":0.2934693263,"remaining_time":0.8851223455},
{"learn":[0.4326298813],"iteration":249,"passed_time":0.2944489251,"remaining_time":0.8833467753},
{"learn":[0.4287709416],"iteration":250,"passed_time":0.295434646,"remaining_time":0.8815958162},
{"learn":[0.4259192783],"iteration":251,"passed_time":0.2964564284,"remaining_time":0.8799579699},
{"learn":[0.4218963431],"iteration":252,"passed_time":0.2974540929,"remaining_time":0.8782537843},
{"learn":[0.4188042556],"iteration":253,"passed_time":0.2985053533,"remaining_time":0.876712573},
{"learn":[0.4150489162],"iteration":254,"passed_time":0.2995114545,"remaining_time":0.8750432692},
{"learn":[0.4118738455],"iteration":255,"passed_time":0.3006264417,"remaining_time":0.8736955961},
{"learn":[0.4079863725],"iteration":256,"passed_time":0.3016321321,"remaining_time":0.8720337517},
{"learn":[0.4040952981],"iteration":257,"passed_time":0.3026065106,"remaining_time":0.8702869414},
{"learn":[0.4009477064],"iteration":258,"passed_time":0.3036313089,"remaining_time":0.8686903472},
{"learn":[0.3977235754],"iteration":259,"passed_time":0.3046321799,"remaining_time":0.8670300504},
{"learn":[0.3948976209],"iteration":260,"passed_time":0.3057685991,"remaining_time":0.8657586004},
{"learn":[0.3915202362],"iteration":261,"passed_time":0.3067781572,"remaining_time":0.8641308397},
{"learn":[0.3884681751],"iteration":262,"passed_time":0.3077715233,"remaining_time":0.8624624055},
{"learn":[0.3854809794],"iteration":263,"passed_time":0.3088540057,"remaining_time":0.8610475311},
{"learn":[0.3825103894],"iteration":264,"passed_time":0.3098564798,"remaining_time":0.8594132554},
{"learn":[0.3796377634],"iteration":265,"passed_time":0.310896398,"remaining_time":0.8578870532},
{"learn":[0.3766646301],"iteration":266,"passed_time":0.3119365868,"remaining_time":0.8563652364},
{"learn":[0.3739993634],"iteration":267,"passed_time":0.312956275,"remaining_time":0.8547910197},
{"learn":[0.3710535166],"iteration":268,"passed_time":0.3142731113,"remaining_time":0.8540284176},
{"learn":[0.3683300784],"iteration":269,"passed_time":0.315501733,"remaining_time":0.8530232039},
{"learn":[0.3648219169],"iteration":270,"passed_time":0.3165196075,"remaining_time":0.851449424},
{"learn":[0.3625456998],"iteration":271,"passed_time":0.3175564396,"remaining_time":0.8499304708},
{"learn":[0.3602594895],"iteration":272,"passed_time":0.3186569374,"remaining_time":0.8485845916},
{"learn":[0.3575250029],"iteration":273,"passed_time":0.3197261937,"remaining_time":0.8471577249},
{"learn":[0.3546732528],"iteration":274,"passed_time":0.3207257019,"remaining_time":0.8455495778},
{"learn":[0.3512935423],"iteration":275,"passed_time":0.3217796983,"remaining_time":0.8440887739},
{"learn":[0.3483437214],"iteration":276,"passed_time":0.3228074725,"remaining_time":0.8425624644},
{"learn":[0.3456912278],"iteration":277,"passed_time":0.3238460778,"remaining_time":0.8410678711},
{"learn":[0.3429871099],"iteration":278,"passed_time":0.3248859663,"remaining_time":0.8395798627},
{"learn":[0.3409223747],"iteration":279,"passed_time":0.3258802241,"remaining_time":0.8379777192},
{"learn":[0.3377141267],"iteration":280,"passed_time":0.3268634401,"remaining_time":0.8363516493},
{"learn":[0.3345147152],"iteration":281,"passed_time":0.3278436502,"remaining_time":0.8347224852},
{"learn":[0.3313504894],"iteration":282,"passed_time":0.3289070148,"remaining_time":0.8333085852},
{"learn":[0.3282146013],"iteration":283,"passed_time":0.3299901886,"remaining_time":0.8319470952},
{"learn":[0.3251135775],"iteration":284,"passed_time":0.3310915985,"remaining_time":0.8306333086},
{"learn":[0.3225763943],"iteration":285,"passed_time":0.3321757844,"remaining_time":0.8292780071},
{"learn":[0.3195385772],"iteration":286,"passed_time":0.3331759639,"remaining_time":0.8277158964},
{"learn":[0.3170785611],"iteration":287,"passed_time":0.3342957699,"remaining_time":0.8264534312},
{"learn":[0.3140992952],"iteration":288,"passed_time":0.3352834748,"remaining_time":0.824866957},
{"learn":[0.3115820023],"iteration":289,"passed_time":0.3363872594,"remaining_time":0.8235688075},
{"learn":[0.3086609773],"iteration":290,"passed_time":0.3373950644,"remaining_time":0.8220381466},
{"learn":[0.3061942468],"iteration":291,"passed_time":0.3385151312,"remaining_time":0.8207832634},
{"learn":[0.3024700581],"iteration":292,"passed_time":0.3396056693,"remaining_time":0.8194580485},
{"learn":[0.3001810583],"iteration":293,"passed_time":0.3408064659,"remaining_time":0.8183992005},
{"learn":[0.2983730616],"iteration":294,"passed_time":0.341969949,"remaining_time":0.8172502172},
{"learn":[0.2955885736],"iteration":295,"passed_time":0.3430595155,"remaining_time":0.8159253342},
{"learn":[0.293562707],"iteration":296,"passed_time":0.3441147641,"remaining_time":0.8145208052},
{"learn":[0.2912581061],"iteration":297,"passed_time":0.3451103245,"remaining_time":0.8129780127},
{"learn":[0.2891681166],"iteration":298,"passed_time":0.3462277858,"remaining_time":0.8117246752},
{"learn":[0.2864757499],"iteration":299,"passed_time":0.3472547885,"remaining_time":0.8102611732},
{"learn":[0.2838131937],"iteration":300,"passed_time":0.3484000155,"remaining_time":0.809075119},
{"learn":[0.2817793989],"iteration":301,"passed_time":0.3494322785,"remaining_time":0.8076282464},
{"learn":[0.2791664985],"iteration":302,"passed_time":0.3504174584,"remaining_time":0.8060758037},
{"learn":[0.2766519859],"iteration":303,"passed_time":0.3514688794,"remaining_time":0.8046787502},
{"learn":[0.2740922611],"iteration":304,"passed_time":0.3524829064,"remaining_time":0.8031987538},
{"learn":[0.2716328808],"iteration":305,"passed_time":0.3534642787,"remaining_time":0.8016477432},
{"learn":[0.2700021506],"iteration":306,"passed_time":0.3544772636,"remaining_time":0.8001718035},
{"learn":[0.2680748139],"iteration":307,"passed_time":0.3554623733,"remaining_time":0.7986362414},
{"learn":[0.2664678066],"iteration":308,"passed_time":0.356460058,"remaining_time":0.7971323626},
{"learn":[0.2645690395],"iteration":309,"passed_time":0.3575469191,"remaining_time":0.7958302393},
{"learn":[0.2625684579],"iteration":310,"passed_time":0.358601867,"remaining_time":0.7944587987},
{"learn":[0.2607137067],"iteration":311,"passed_time":0.3595626787,"remaining_time":0.7928818043},
{"learn":[0.2591539883],"iteration":312,"passed_time":0.3605483796,"remaining_time":0.7913633763},
{"learn":[0.2571277869],"iteration":313,"passed_time":0.3616155918,"remaining_time":0.7900264204},
{"learn":[0.2552187586],"iteration":314,"passed_time":0.3626219637,"remaining_time":0.7885588733},
{"learn":[0.2534897061],"iteration":315,"passed_time":0.3637319004,"remaining_time":0.7873184174},
{"learn":[0.2511661105],"iteration":316,"passed_time":0.3647110083,"remaining_time":0.7857969043},
{"learn":[0.2493972582],"iteration":317,"passed_time":0.3656628622,"remaining_time":0.7842203523},
{"learn":[0.2479079251],"iteration":318,"passed_time":0.3666694047,"remaining_time":0.7827644659},
{"learn":[0.245640919],"iteration":319,"passed_time":0.3677112067,"remaining_time":0.7813863141},
{"learn":[0.2438255211],"iteration":320,"passed_time":0.3687455037,"remaining_time":0.7799943833},
{"learn":[0.2419964086],"iteration":321,"passed_time":0.3697143513,"remaining_time":0.7784668639},
{"learn":[0.240553966],"iteration":322,"passed_time":0.3707080631,"remaining_time":0.7769949185},
{"learn":[0.2391217227],"iteration":323,"passed_time":0.3717828002,"remaining_time":0.7756949781},
{"learn":[0.2373598368],"iteration":324,"passed_time":0.3727614872,"remaining_time":0.774196935},
{"learn":[0.23594846],"iteration":325,"passed_time":0.3737422383,"remaining_time":0.7727063455},
{"learn":[0.2341191659],"iteration":326,"passed_time":0.3747195326,"remaining_time":0.7712117597},
{"learn":[0.2327285639],"iteration":327,"passed_time":0.3757725517,"remaining_time":0.7698754718},
{"learn":[0.2312472605],"iteration":328,"passed_time":0.3767373212,"remaining_time":0.7683609195},
{"learn":[0.2295462779],"iteration":329,"passed_time":0.3783068777,"remaining_time":0.7680776001},
{"learn":[0.227860463],"iteration":330,"passed_time":0.3794114936,"remaining_time":0.7668467952},
{"learn":[0.2265093065],"iteration":331,"passed_time":0.3804826941,"remaining_time":0.765549517},
{"learn":[0.225069014],"iteration":332,"passed_time":0.381764661,"remaining_time":0.7646757625},
{"learn":[0.2237361288],"iteration":333,"passed_time":0.3828090684,"remaining_time":0.763325867},
{"learn":[0.2223143194],"iteration":334,"passed_time":0.3838717417,"remaining_time":0.7620140544},
{"learn":[0.2209994371],"iteration":335,"passed_time":0.3851601517,"remaining_time":0.7611498237},
{"learn":[0.2195530953],"iteration":336,"passed_time":0.3863033944,"remaining_time":0.7599974793},
{"learn":[0.2181590698],"iteration":337,"passed_time":0.3874862956,"remaining_time":0.7589228631},
{"learn":[0.2168709634],"iteration":338,"passed_time":0.3885457726,"remaining_time":0.7576069489},
{"learn":[0.2155918891],"iteration":339,"passed_time":0.3895114639,"remaining_time":0.7561104887},
{"learn":[0.2142240206],"iteration":340,"passed_time":0.3904743095,"remaining_time":0.7546116422},
{"learn":[0.2126563241],"iteration":341,"passed_time":0.3926247357,"remaining_time":0.7554008073},
{"learn":[0.2114039474],"iteration":342,"passed_time":0.3942921759,"remaining_time":0.7552476955},
{"learn":[0.2100636827],"iteration":343,"passed_time":0.3954673117,"remaining_time":0.7541469666},
{"learn":[0.2088281437],"iteration":344,"passed_time":0.396513342,"remaining_time":0.7528006929},
{"learn":[0.2076012377],"iteration":345,"passed_time":0.3975360963,"remaining_time":0.7514121589},
{"learn":[0.2063828999],"iteration":346,"passed_time":0.3986119256,"remaining_time":0.7501256121},
{"learn":[0.2051730659],"iteration":347,"passed_time":0.3997048287,"remaining_time":0.7488722652},
{"learn":[0.2039716719],"iteration":348,"passed_time":0.4007843753,"remaining_time":0.7475949236},
{"learn":[0.2027786549],"iteration":349,"passed_time":0.4017706574,"remaining_time":0.7461455065},
{"learn":[0.2015939524],"iteration":350,"passed_time":0.4028078001,"remaining_time":0.7447927699},
{"learn":[0.2004175027],"iteration":351,"passed_time":0.4038220675,"remaining_time":0.7433997152},
{"learn":[0.1988644394],"iteration":352,"passed_time":0.4052129704,"remaining_time":0.7426991271},
{"learn":[0.1977052604],"iteration":353,"passed_time":0.406290453,"remaining_time":0.741422691},
{"learn":[0.1965541535],"iteration":354,"passed_time":0.4073440479,"remaining_time":0.7401039744},
{"learn":[0.1954110592],"iteration":355,"passed_time":0.408333877,"remaining_time":0.7386713955},
{"learn":[0.1942759185],"iteration":356,"passed_time":0.4093910697,"remaining_time":0.737362627},
{"learn":[0.1931486729],"iteration":357,"passed_time":0.4104115996,"remaining_time":0.7359895166},
{"learn":[0.1920292646],"iteration":358,"passed_time":0.411406679,"remaining_time":0.7345729283},
{"learn":[0.1909176362],"iteration":359,"passed_time":0.412530834,"remaining_time":0.7333881493},
{"learn":[0.1898137312],"iteration":360,"passed_time":0.4135008739,"remaining_time":0.7319309097},
{"learn":[0.1887174932],"iteration":361,"passed_time":0.4145527655,"remaining_time":0.7306206198},
{"learn":[0.1876288666],"iteration":362,"passed_time":0.4156178836,"remaining_time":0.7293349637},
{"learn":[0.1865477965],"iteration":363,"passed_time":0.4166216602,"remaining_time":0.7279433404},
{"learn":[0.1851889431],"iteration":364,"passed_time":0.4176592141,"remaining_time":0.7266126054},
{"learn":[0.1838421195],"iteration":365,"passed_time":0.4187244825,"remaining_time":0.7253314806},
{"learn":[0.1826909825],"iteration":366,"passed_time":0.4198801394,"remaining_time":0.724207434},
{"learn":[0.1816400692],"iteration":367,"passed_time":0.4210715278,"remaining_time":0.7231445803},
{"learn":[0.1805043557],"iteration":368,"passed_time":0.4223658492,"remaining_time":0.7222570483},
{"learn":[0.1794672675],"iteration":369,"passed_time":0.42348271,"remaining_time":0.7210651549},
{"learn":[0.1784373717],"iteration":370,"passed_time":0.4244496538,"remaining_time":0.7196194939},
{"learn":[0.1774146166],"iteration":371,"passed_time":0.4254207959,"remaining_time":0.7181834941},
{"learn":[0.1763989512],"iteration":372,"passed_time":0.4263901244,"remaining_time":0.7167469383},
{"learn":[0.1753903251],"iteration":373,"passed_time":0.4273490122,"remaining_time":0.7152954055},
{"learn":[0.1742953325],"iteration":374,"passed_time":0.4283065374,"remaining_time":0.7138442289},
{"learn":[0.1732999674],"iteration":375,"passed_time":0.4292547441,"remaining_time":0.7123802135},
{"learn":[0.1722196039],"iteration":376,"passed_time":0.4302304953,"remaining_time":0.7109644524},
{"learn":[0.1712373186],"iteration":377,"passed_time":0.4311961866,"remaining_time":0.7095344657},
{"learn":[0.1701713788],"iteration":378,"passed_time":0.4323062633,"remaining_time":0.708343508},
{"learn":[0.1692019946],"iteration":379,"passed_time":0.4332728464,"remaining_time":0.7069188546},
{"learn":[0.1682393298],"iteration":380,"passed_time":0.4342541386,"remaining_time":0.7055205033},
{"learn":[0.1672833371],"iteration":381,"passed_time":0.4354084235,"remaining_time":0.7044042034},
{"learn":[0.166243591],"iteration":382,"passed_time":0.4365462154,"remaining_time":0.7032611355},
{"learn":[0.1653001489],"iteration":383,"passed_time":0.4376075861,"remaining_time":0.7019955026},
{"learn":[0.1643632461],"iteration":384,"passed_time":0.4386168837,"remaining_time":0.7006477492},
{"learn":[0.1633431945],"iteration":385,"passed_time":0.4397693543,"remaining_time":0.6995294911},
{"learn":[0.1623309635],"iteration":386,"passed_time":0.4408189019,"remaining_time":0.6982480281},
{"learn":[0.1613264892],"iteration":387,"passed_time":0.4418295322,"remaining_time":0.6969063755},
{"learn":[0.1603297085],"iteration":388,"passed_time":0.4429706306,"remaining_time":0.6957713504},
{"learn":[0.1593405591],"iteration":389,"passed_time":0.4439836055,"remaining_time":0.6944358958},
{"learn":[0.1583638304],"iteration":390,"passed_time":0.4449951372,"remaining_time":0.6930998429},
{"learn":[0.1574674488],"iteration":391,"passed_time":0.446222787,"remaining_time":0.6921006492},
{"learn":[0.1564976204],"iteration":392,"passed_time":0.4473569417,"remaining_time":0.6909558871},
{"learn":[0.1556129678],"iteration":393,"passed_time":0.4485242224,"remaining_time":0.6898621288},
{"learn":[0.1546597186],"iteration":394,"passed_time":0.4497884144,"remaining_time":0.6889164323},
{"learn":[0.1537128774],"iteration":395,"passed_time":0.450950294,"remaining_time":0.6878130748},
{"learn":[0.1527679836],"iteration":396,"passed_time":0.4521460106,"remaining_time":0.6867608171},
{"learn":[0.151833464],"iteration":397,"passed_time":0.4533934192,"remaining_time":0.685786026},
{"learn":[0.150901712],"iteration":398,"passed_time":0.454357357,"remaining_time":0.6843828861},
{"learn":[0.1499793388],"iteration":399,"passed_time":0.4553365751,"remaining_time":0.6830048626},
{"learn":[0.1490605391],"iteration":400,"passed_time":0.4563141599,"remaining_time":0.6816263885},
{"learn":[0.1481501401],"iteration":401,"passed_time":0.4572926465,"remaining_time":0.6802512503},
{"learn":[0.1472458391],"iteration":402,"passed_time":0.4582693296,"remaining_time":0.6788754089},
{"learn":[0.1463475908],"iteration":403,"passed_time":0.4592391992,"remaining_time":0.6774914919},
{"learn":[0.1454553502],"iteration":404,"passed_time":0.4603243973,"remaining_time":0.6762790529},
{"learn":[0.1445690728],"iteration":405,"passed_time":0.4613023529,"remaining_time":0.674910339},
{"learn":[0.1437524283],"iteration":406,"passed_time":0.4622620223,"remaining_time":0.6735169023},
{"learn":[0.1429414424],"iteration":407,"passed_time":0.4632170926,"remaining_time":0.6721189187},
{"learn":[0.1420679892],"iteration":408,"passed_time":0.4643551247,"remaining_time":0.6709874784},
{"learn":[0.1409156309],"iteration":409,"passed_time":0.465676049,"remaining_time":0.6701191925},
{"learn":[0.1400559608],"iteration":410,"passed_time":0.4666627422,"remaining_time":0.6687697206},
{"learn":[0.1392034352],"iteration":411,"passed_time":0.4677344935,"remaining_time":0.6675434033},
{"learn":[0.1384365818],"iteration":412,"passed_time":0.4688413137,"remaining_time":0.6663676784},
{"learn":[0.1375942717],"iteration":413,"passed_time":0.469810512,"remaining_time":0.664997488},
{"learn":[0.1367575765],"iteration":414,"passed_time":0.4708029666,"remaining_time":0.6636620132},
{"learn":[0.1360050834],"iteration":415,"passed_time":0.4717599206,"remaining_time":0.6622783501},
{"learn":[0.1350185534],"iteration":416,"passed_time":0.4727220849,"remaining_time":0.660904018},
{"learn":[0.1339269693],"iteration":417,"passed_time":0.4737338574,"remaining_time":0.6596007297},
{"learn":[0.1331913366],"iteration":418,"passed_time":0.4746885369,"remaining_time":0.6582196658},
{"learn":[0.1323817689],"iteration":419,"passed_time":0.4757152691,"remaining_time":0.6569401335},
{"learn":[0.1315775921],"iteration":420,"passed_time":0.4767390954,"remaining_time":0.6556578058},
{"learn":[0.1307787666],"iteration":421,"passed_time":0.4777132735,"remaining_time":0.6543087017},
{"learn":[0.1299852534],"iteration":422,"passed_time":0.4789002324,"remaining_time":0.6532516173},
{"learn":[0.128936885],"iteration":423,"passed_time":0.4798858131,"remaining_time":0.6519203499},
{"learn":[0.1282292348],"iteration":424,"passed_time":0.4808848507,"remaining_time":0.6506089157},
{"learn":[0.1275265585],"iteration":425,"passed_time":0.4818538185,"remaining_time":0.6492584315},
{"learn":[0.1268288204],"iteration":426,"passed_time":0.4828424449,"remaining_time":0.6479361146},
{"learn":[0.1260385009],"iteration":427,"passed_time":0.4838008518,"remaining_time":0.6465749701},
{"learn":[0.1252534234],"iteration":428,"passed_time":0.4849376718,"remaining_time":0.6454531715},
{"learn":[0.1244735504],"iteration":429,"passed_time":0.485959083,"remaining_time":0.6441783194},
{"learn":[0.1237184507],"iteration":430,"passed_time":0.4869241431,"remaining_time":0.6428302492},
{"learn":[0.1229484224],"iteration":431,"passed_time":0.4882106797,"remaining_time":0.6419066345},
{"learn":[0.1222029826],"iteration":432,"passed_time":0.4892054987,"remaining_time":0.6405993482},
{"learn":[0.1214624882],"iteration":433,"passed_time":0.4901733543,"remaining_time":0.6392583376},
{"learn":[0.1207067597],"iteration":434,"passed_time":0.4911722313,"remaining_time":0.6379593349},
{"learn":[0.1199757282],"iteration":435,"passed_time":0.4921480426,"remaining_time":0.6366318716},
{"learn":[0.1192495391],"iteration":436,"passed_time":0.4931656066,"remaining_time":0.6353598089},
{"learn":[0.1185281574],"iteration":437,"passed_time":0.4941530205,"remaining_time":0.6340502227},
{"learn":[0.1178115483],"iteration":438,"passed_time":0.4951551242,"remaining_time":0.6327608763},
{"learn":[0.1170986009],"iteration":439,"passed_time":0.4962363742,"remaining_time":0.6315735672},
{"learn":[0.116391183],"iteration":440,"passed_time":0.4972536373,"remaining_time":0.6303056309},
{"learn":[0.11575504],"iteration":441,"passed_time":0.4982692277,"remaining_time":0.6290367173},
{"learn":[0.1150350814],"iteration":442,"passed_time":0.4992499588,"remaining_time":0.6277251174},
{"learn":[0.1143198847],"iteration":443,"passed_time":0.5002365514,"remaining_time":0.6264223482},
{"learn":[0.1136295101],"iteration":444,"passed_time":0.5012384644,"remaining_time":0.6251401073},
{"learn":[0.1129233081],"iteration":445,"passed_time":0.502198234,"remaining_time":0.623806775},
{"learn":[0.1122217723],"iteration":446,"passed_time":0.5032102066,"remaining_time":0.6225396963},
{"learn":[0.1115444044],"iteration":447,"passed_time":0.5042362877,"remaining_time":0.6212911402},
{"learn":[0.1108516849],"iteration":448,"passed_time":0.5053189806,"remaining_time":0.6201130475},
{"learn":[0.1101635381],"iteration":449,"passed_time":0.5063173466,"remaining_time":0.6188323125},
{"learn":[0.1094989205],"iteration":450,"passed_time":0.5074148788,"remaining_time":0.6176735443},
{"learn":[0.1088194153],"iteration":451,"passed_time":0.5084306392,"remaining_time":0.6164159077},
{"learn":[0.1081632499],"iteration":452,"passed_time":0.5093981742,"remaining_time":0.6151011066},
{"learn":[0.1075114037],"iteration":453,"passed_time":0.5104015801,"remaining_time":0.6138309752},
{"learn":[0.1069244357],"iteration":454,"passed_time":0.511394345,"remaining_time":0.6125492704},
{"learn":[0.10628034],"iteration":455,"passed_time":0.5123586736,"remaining_time":0.6112349089},
{"learn":[0.1056210113],"iteration":456,"passed_time":0.5133874301,"remaining_time":0.6099986314},
{"learn":[0.1049660288],"iteration":457,"passed_time":0.5144258553,"remaining_time":0.6087747022},
{"learn":[0.1043153615],"iteration":458,"passed_time":0.5154823764,"remaining_time":0.6075729099},
{"learn":[0.103668979],"iteration":459,"passed_time":0.5164399015,"remaining_time":0.6062555366},
{"learn":[0.1030447488],"iteration":460,"passed_time":0.5174005028,"remaining_time":0.604943321},
{"learn":[0.1024245385],"iteration":461,"passed_time":0.5183940693,"remaining_time":0.6036710157},
{"learn":[0.1017901533],"iteration":462,"passed_time":0.5193579269,"remaining_time":0.6023654574},
{"learn":[0.1011776828],"iteration":463,"passed_time":0.5203685973,"remaining_time":0.6011154485},
{"learn":[0.1005692312],"iteration":464,"passed_time":0.5213576849,"remaining_time":0.5998416374},
{"learn":[0.09996522365],"iteration":465,"passed_time":0.5223718621,"remaining_time":0.5985977991},
{"learn":[0.09936452442],"iteration":466,"passed_time":0.5233946164,"remaining_time":0.5973647335},
{"learn":[0.09874931797],"iteration":467,"passed_time":0.5243529932,"remaining_time":0.5960593854},
{"learn":[0.09815622795],"iteration":468,"passed_time":0.5253540445,"remaining_time":0.5948038329},
{"learn":[0.09756702252],"iteration":469,"passed_time":0.5263210484,"remaining_time":0.5935109695},
{"learn":[0.097035502],"iteration":470,"passed_time":0.5274121876,"remaining_time":0.5923589114},
{"learn":[0.09643491256],"iteration":471,"passed_time":0.5283865561,"remaining_time":0.5910764865},
{"learn":[0.09583826768],"iteration":472,"passed_time":0.5295846577,"remaining_time":0.5900446398},
{"learn":[0.09526319183],"iteration":473,"passed_time":0.530593945,"remaining_time":0.5888025634},
{"learn":[0.09467399814],"iteration":474,"passed_time":0.5316233828,"remaining_time":0.5875837389},
{"learn":[0.09408867065],"iteration":475,"passed_time":0.5327308547,"remaining_time":0.5864516132},
{"learn":[0.09352435634],"iteration":476,"passed_time":0.5336696829,"remaining_time":0.5851346837},
{"learn":[0.09296373066],"iteration":477,"passed_time":0.5346128195,"remaining_time":0.5838240414},
{"learn":[0.09240763794],"iteration":478,"passed_time":0.5355509162,"remaining_time":0.5825094517},
{"learn":[0.09185413286],"iteration":479,"passed_time":0.5365251945,"remaining_time":0.5812356274},
{"learn":[0.09130424229],"iteration":480,"passed_time":0.5375467063,"remaining_time":0.5800140136},
{"learn":[0.09073992361],"iteration":481,"passed_time":0.5385078987,"remaining_time":0.5787284056},
{"learn":[0.0901793034],"iteration":482,"passed_time":0.5395461035,"remaining_time":0.5775265746},
{"learn":[0.08964110784],"iteration":483,"passed_time":0.5405479363,"remaining_time":0.5762866429},
{"learn":[0.08908514514],"iteration":484,"passed_time":0.5414988684,"remaining_time":0.5749936438},
{"learn":[0.08855214276],"iteration":485,"passed_time":0.5424688282,"remaining_time":0.5737221763},
{"learn":[0.08802261593],"iteration":486,"passed_time":0.5434406616,"remaining_time":0.5724539208},
{"learn":[0.08754431786],"iteration":487,"passed_time":0.5444565723,"remaining_time":0.5712331251},
{"learn":[0.08700184636],"iteration":488,"passed_time":0.5454350991,"remaining_time":0.5699741015},
{"learn":[0.08648178092],"iteration":489,"passed_time":0.5464535047,"remaining_time":0.5687577294},
{"learn":[0.08596510556],"iteration":490,"passed_time":0.547427282,"remaining_time":0.5674958993},
{"learn":[0.08549875835],"iteration":491,"passed_time":0.5483955284,"remaining_time":0.5662295293},
{"learn":[0.08498820207],"iteration":492,"passed_time":0.5493682736,"remaining_time":0.5649689954},
{"learn":[0.08446322977],"iteration":493,"passed_time":0.5503416201,"remaining_time":0.5637102424},
{"learn":[0.08395911069],"iteration":494,"passed_time":0.551386959,"remaining_time":0.5625260895},
{"learn":[0.08344066531],"iteration":495,"passed_time":0.5526513816,"remaining_time":0.5615651135},
{"learn":[0.08292395177],"iteration":496,"passed_time":0.5536290366,"remaining_time":0.5603126869},
{"learn":[0.08242921836],"iteration":497,"passed_time":0.5545718125,"remaining_time":0.5590262046},
{"learn":[0.08198279687],"iteration":498,"passed_time":0.5555427542,"remaining_time":0.5577693785},
{"learn":[0.08149391935],"iteration":499,"passed_time":0.5566246355,"remaining_time":0.5566246355},
{"learn":[0.08099083053],"iteration":500,"passed_time":0.5580293754,"remaining_time":0.5558017132},
{"learn":[0.0804897372],"iteration":501,"passed_time":0.5594661594,"remaining_time":0.5550082617},
{"learn":[0.08000995702],"iteration":502,"passed_time":0.560564844,"remaining_time":0.5538781858},
{"learn":[0.07953329769],"iteration":503,"passed_time":0.5617286273,"remaining_time":0.5528122999},
{"learn":[0.07910328605],"iteration":504,"passed_time":0.5626821445,"remaining_time":0.5515399238},
{"learn":[0.07861508559],"iteration":505,"passed_time":0.5637754183,"remaining_time":0.5504052503},
{"learn":[0.07814695042],"iteration":506,"passed_time":0.5650026673,"remaining_time":0.5494010158},
{"learn":[0.07766480822],"iteration":507,"passed_time":0.5660375456,"remaining_time":0.5482095914},
{"learn":[0.07718467262],"iteration":508,"passed_time":0.5670499189,"remaining_time":0.5469970731},
{"learn":[0.07672524259],"iteration":509,"passed_time":0.5680116524,"remaining_time":0.5457366856},
{"learn":[0.0763111608],"iteration":510,"passed_time":0.5690334952,"remaining_time":0.5445349885},
{"learn":[0.07585716375],"iteration":511,"passed_time":0.5706159973,"remaining_time":0.5438683724},
{"learn":[0.07538927319],"iteration":512,"passed_time":0.5720225411,"remaining_time":0.5430311453},
{"learn":[0.07494098625],"iteration":513,"passed_time":0.5730293638,"remaining_time":0.5418137564},
{"learn":[0.07447889505],"iteration":514,"passed_time":0.5741387195,"remaining_time":0.5406937455},
{"learn":[0.07401883319],"iteration":515,"passed_time":0.5752283965,"remaining_time":0.5395553176},
{"learn":[0.07357887665],"iteration":516,"passed_time":0.5762235561,"remaining_time":0.5383287768},
{"learn":[0.07318249243],"iteration":517,"passed_time":0.5773095756,"remaining_time":0.5371876746},
{"learn":[0.07274773629],"iteration":518,"passed_time":0.5783806852,"remaining_time":0.5360329664},
{"learn":[0.07229928781],"iteration":519,"passed_time":0.5796288559,"remaining_time":0.5350420208},
{"learn":[0.07185312229],"iteration":520,"passed_time":0.5807429008,"remaining_time":0.5339267745},
{"learn":[0.07142644164],"iteration":521,"passed_time":0.5817234916,"remaining_time":0.5326893276},
{"learn":[0.07100252961],"iteration":522,"passed_time":0.5827383001,"remaining_time":0.5314840711},
{"learn":[0.07062072413],"iteration":523,"passed_time":0.5837546514,"remaining_time":0.5302809429},
{"learn":[0.07018550349],"iteration":524,"passed_time":0.5848509315,"remaining_time":0.5291508428},
{"learn":[0.06975281293],"iteration":525,"passed_time":0.5860032321,"remaining_time":0.5280713537},
{"learn":[0.06933900252],"iteration":526,"passed_time":0.5871124074,"remaining_time":0.5269528818},
{"learn":[0.06892787637],"iteration":527,"passed_time":0.5881223162,"remaining_time":0.5257457069},
{"learn":[0.06855792712],"iteration":528,"passed_time":0.5894567871,"remaining_time":0.5248282547},
{"learn":[0.06813553239],"iteration":529,"passed_time":0.5907981923,"remaining_time":0.5239153781},
{"learn":[0.06773174481],"iteration":530,"passed_time":0.592082374,"remaining_time":0.5229503454},
{"learn":[0.06731457225],"iteration":531,"passed_time":0.5930442979,"remaining_time":0.5217006229},
{"learn":[0.0668999609],"iteration":532,"passed_time":0.5941108488,"remaining_time":0.5205436517},
{"learn":[0.06650366607],"iteration":533,"passed_time":0.595319531,"remaining_time":0.5195110514},
{"learn":[0.06610993978],"iteration":534,"passed_time":0.5965477519,"remaining_time":0.518494775},
{"learn":[0.06570285255],"iteration":535,"passed_time":0.5975679812,"remaining_time":0.5172976553},
{"learn":[0.06531406498],"iteration":536,"passed_time":0.5987452312,"remaining_time":0.5162365773},
{"learn":[0.06496421721],"iteration":537,"passed_time":0.5997633863,"remaining_time":0.515038447},
{"learn":[0.06456447481],"iteration":538,"passed_time":0.6007816216,"remaining_time":0.513841053},
{"learn":[0.06418261491],"iteration":539,"passed_time":0.602035874,"remaining_time":0.5128453742},
{"learn":[0.06378750211],"iteration":540,"passed_time":0.6030913731,"remaining_time":0.5116801114},
{"learn":[0.06341043073],"iteration":541,"passed_time":0.6041031152,"remaining_time":0.5104782782},
{"learn":[0.06302019383],"iteration":542,"passed_time":0.605182041,"remaining_time":0.5093336882},
{"learn":[0.06263250002],"iteration":543,"passed_time":0.6062072397,"remaining_time":0.5081443039},
{"learn":[0.06226242514],"iteration":544,"passed_time":0.6072772378,"remaining_time":0.5069929233},
{"learn":[0.06187951254],"iteration":545,"passed_time":0.6084513516,"remaining_time":0.5059284132},
{"learn":[0.06149909328],"iteration":546,"passed_time":0.6094918607,"remaining_time":0.5047528572},
{"learn":[0.06112095647],"iteration":547,"passed_time":0.6105305568,"remaining_time":0.5035762987},
{"learn":[0.06079433997],"iteration":548,"passed_time":0.6119207382,"remaining_time":0.5026889853},
{"learn":[0.06043527471],"iteration":549,"passed_time":0.613456087,"remaining_time":0.5019186166},
{"learn":[0.06007853224],"iteration":550,"passed_time":0.6145733884,"remaining_time":0.5008048119},
{"learn":[0.05970928515],"iteration":551,"passed_time":0.6156329956,"remaining_time":0.4996441703},
{"learn":[0.05934256153],"iteration":552,"passed_time":0.6167048971,"remaining_time":0.4984938318},
{"learn":[0.05899242691],"iteration":553,"passed_time":0.6176586247,"remaining_time":0.4972486401},
{"learn":[0.05867783848],"iteration":554,"passed_time":0.6186137551,"remaining_time":0.4960056235},
{"learn":[0.05821655241],"iteration":555,"passed_time":0.6196528216,"remaining_time":0.4948306705},
{"learn":[0.05785942283],"iteration":556,"passed_time":0.6207310453,"remaining_time":0.4936873484},
{"learn":[0.05755157258],"iteration":557,"passed_time":0.6217580079,"remaining_time":0.492503655},
{"learn":[0.05710006787],"iteration":558,"passed_time":0.6232434579,"remaining_time":0.4916822271},
{"learn":[0.05675023458],"iteration":559,"passed_time":0.6243313614,"remaining_time":0.4905460697},
{"learn":[0.05644897367],"iteration":560,"passed_time":0.6254616385,"remaining_time":0.4894432429},
{"learn":[0.05610358606],"iteration":561,"passed_time":0.6265418264,"remaining_time":0.4883012811},
{"learn":[0.05566435022],"iteration":562,"passed_time":0.6275965138,"remaining_time":0.4871397452},
{"learn":[0.05536953334],"iteration":563,"passed_time":0.6285566241,"remaining_time":0.4859054754},
{"learn":[0.05503120071],"iteration":564,"passed_time":0.6295699196,"remaining_time":0.484713124},
{"learn":[0.0546012692],"iteration":565,"passed_time":0.6305494183,"remaining_time":0.4834954903},
{"learn":[0.05431275426],"iteration":566,"passed_time":0.6315194682,"remaining_time":0.482271481},
{"learn":[0.05398132977],"iteration":567,"passed_time":0.632735535,"remaining_time":0.4812354773},
{"learn":[0.05356050163],"iteration":568,"passed_time":0.633781876,"remaining_time":0.4800702786},
{"learn":[0.05327814982],"iteration":569,"passed_time":0.6348021954,"remaining_time":0.4788858667},
{"learn":[0.0529534898],"iteration":570,"passed_time":0.6357361238,"remaining_time":0.4776371228},
{"learn":[0.05254156842],"iteration":571,"passed_time":0.6368595172,"remaining_time":0.4765312472},
{"learn":[0.0522652441],"iteration":572,"passed_time":0.6379697647,"remaining_time":0.475415514},
{"learn":[0.05194720799],"iteration":573,"passed_time":0.6390931631,"remaining_time":0.4743095601},
{"learn":[0.05154400098],"iteration":574,"passed_time":0.6400995049,"remaining_time":0.4731170253},
{"learn":[0.05123072697],"iteration":575,"passed_time":0.6410583626,"remaining_time":0.4718901836},
{"learn":[0.05096202026],"iteration":576,"passed_time":0.6420619139,"remaining_time":0.4706970356},
{"learn":[0.05056733896],"iteration":577,"passed_time":0.6430565725,"remaining_time":0.4694980512},
{"learn":[0.05026045163],"iteration":578,"passed_time":0.6441529625,"remaining_time":0.468373743},
{"learn":[0.04999747239],"iteration":579,"passed_time":0.6452169483,"remaining_time":0.467226066},
{"learn":[0.04969449086],"iteration":580,"passed_time":0.6464239469,"remaining_time":0.4661818137},
{"learn":[0.04931049985],"iteration":581,"passed_time":0.6474894357,"remaining_time":0.4650353679},
{"learn":[0.04905312256],"iteration":582,"passed_time":0.6485679306,"remaining_time":0.4638985027},
{"learn":[0.04875631778],"iteration":583,"passed_time":0.649671615,"remaining_time":0.4627797806},
{"learn":[0.04850237745],"iteration":584,"passed_time":0.6509513275,"remaining_time":0.4617859845},
{"learn":[0.04820935317],"iteration":585,"passed_time":0.6520349426,"remaining_time":0.4606526727},
{"learn":[0.0478377838],"iteration":586,"passed_time":0.6530998001,"remaining_time":0.459506333},
{"learn":[0.04746983693],"iteration":587,"passed_time":0.6541352295,"remaining_time":0.4583396506},
{"learn":[0.04722329906],"iteration":588,"passed_time":0.6553098743,"remaining_time":0.4572705575},
{"learn":[0.04693846821],"iteration":589,"passed_time":0.656453117,"remaining_time":0.4561792847},
{"learn":[0.04657828449],"iteration":590,"passed_time":0.6577506652,"remaining_time":0.4551946228},
{"learn":[0.04627164028],"iteration":591,"passed_time":0.6589009318,"remaining_time":0.4541073989},
{"learn":[0.04595951554],"iteration":592,"passed_time":0.6599071733,"remaining_time":0.4529211122},
{"learn":[0.04572120364],"iteration":593,"passed_time":0.6609204084,"remaining_time":0.4517402118},
{"learn":[0.04542055504],"iteration":594,"passed_time":0.6622603808,"remaining_time":0.450782276},
{"learn":[0.04518534586],"iteration":595,"passed_time":0.663272474,"remaining_time":0.4496008045},
{"learn":[0.04488851315],"iteration":596,"passed_time":0.6643861081,"remaining_time":0.4484884448},
{"learn":[0.04461829777],"iteration":597,"passed_time":0.6655305428,"remaining_time":0.4473967863},
{"learn":[0.0442959973],"iteration":598,"passed_time":0.6669283894,"remaining_time":0.4464745979},
{"learn":[0.04400551175],"iteration":599,"passed_time":0.6681711244,"remaining_time":0.4454474163},
{"learn":[0.04377791671],"iteration":600,"passed_time":0.6694963323,"remaining_time":0.4444742705},
{"learn":[0.0434911111],"iteration":601,"passed_time":0.6706896341,"remaining_time":0.4434127481},
{"learn":[0.04322979845],"iteration":602,"passed_time":0.6719831742,"remaining_time":0.442416783},
{"learn":[0.04300659371],"iteration":603,"passed_time":0.673120876,"remaining_time":0.4413176604},
{"learn":[0.04272514619],"iteration":604,"passed_time":0.6744338045,"remaining_time":0.4403328145},
{"learn":[0.04241741813],"iteration":605,"passed_time":0.675468312,"remaining_time":0.4391658663},
{"learn":[0.04214028049],"iteration":606,"passed_time":0.6764662472,"remaining_time":0.4379756757},
{"learn":[0.04181374465],"iteration":607,"passed_time":0.6774755044,"remaining_time":0.4367934173},
{"learn":[0.04156296494],"iteration":608,"passed_time":0.6784349533,"remaining_time":0.4355797484},
{"learn":[0.04134866407],"iteration":609,"passed_time":0.6797170111,"remaining_time":0.434573171},
{"learn":[0.04107882852],"iteration":610,"passed_time":0.6811906678,"remaining_time":0.4336876756},
{"learn":[0.0407840244],"iteration":611,"passed_time":0.6822306461,"remaining_time":0.4325253116},
{"learn":[0.0405183088],"iteration":612,"passed_time":0.6833683378,"remaining_time":0.4314250355},
{"learn":[0.04027576068],"iteration":613,"passed_time":0.6846679701,"remaining_time":0.4304264437},
{"learn":[0.04006837248],"iteration":614,"passed_time":0.685746124,"remaining_time":0.4292882239},
{"learn":[0.03980760141],"iteration":615,"passed_time":0.6868082561,"remaining_time":0.4281402116},
{"learn":[0.03952366694],"iteration":616,"passed_time":0.6881881973,"remaining_time":0.4271897562},
{"learn":[0.03932045384],"iteration":617,"passed_time":0.6892731347,"remaining_time":0.4260555622},
{"learn":[0.03906471904],"iteration":618,"passed_time":0.690265108,"remaining_time":0.4248643072},
{"learn":[0.03878653071],"iteration":619,"passed_time":0.6913431015,"remaining_time":0.4237264171},
{"learn":[0.03851082199],"iteration":620,"passed_time":0.6922968693,"remaining_time":0.4225129041},
{"learn":[0.03831314158],"iteration":621,"passed_time":0.6933239621,"remaining_time":0.4213447872},
{"learn":[0.03801753345],"iteration":622,"passed_time":0.694647161,"remaining_time":0.4203563077},
{"learn":[0.03777037965],"iteration":623,"passed_time":0.6956380521,"remaining_time":0.4191665186},
{"learn":[0.03750019609],"iteration":624,"passed_time":0.6968165847,"remaining_time":0.4180899508},
{"learn":[0.03725680533],"iteration":625,"passed_time":0.6979038667,"remaining_time":0.4169585401},
{"learn":[0.03700671051],"iteration":626,"passed_time":0.6992726758,"remaining_time":0.4159947497},
{"learn":[0.03681687266],"iteration":627,"passed_time":0.7003933338,"remaining_time":0.4148826755},
{"learn":[0.03657819595],"iteration":628,"passed_time":0.7017555149,"remaining_time":0.4139130302},
{"learn":[0.03634138999],"iteration":629,"passed_time":0.7027471976,"remaining_time":0.4127245446},
{"learn":[0.03615512473],"iteration":630,"passed_time":0.7037182796,"remaining_time":0.4115246358},
{"learn":[0.03592128609],"iteration":631,"passed_time":0.7047056638,"remaining_time":0.4103349435},
{"learn":[0.03568927565],"iteration":632,"passed_time":0.7057738179,"remaining_time":0.4091927191},
{"learn":[0.03543587275],"iteration":633,"passed_time":0.7068752028,"remaining_time":0.408069912},
{"learn":[0.03519869606],"iteration":634,"passed_time":0.7078467557,"remaining_time":0.4068725446},
{"learn":[0.03501840101],"iteration":635,"passed_time":0.7092826777,"remaining_time":0.4059416583},
{"learn":[0.03477041125],"iteration":636,"passed_time":0.7107013555,"remaining_time":0.4049993596},
{"learn":[0.03452463376],"iteration":637,"passed_time":0.7119332637,"remaining_time":0.4039495948},
{"learn":[0.03428104822],"iteration":638,"passed_time":0.7130396836,"remaining_time":0.4028283658},
{"learn":[0.03405250616],"iteration":639,"passed_time":0.7140916456,"remaining_time":0.4016765507},
{"learn":[0.03387841529],"iteration":640,"passed_time":0.7151528359,"remaining_time":0.4005302155},
{"learn":[0.03364003136],"iteration":641,"passed_time":0.7163186233,"remaining_time":0.3994424722},
{"learn":[0.03342659238],"iteration":642,"passed_time":0.7175953602,"remaining_time":0.3984160865},
{"learn":[0.03321466201],"iteration":643,"passed_time":0.7186274629,"remaining_time":0.3972536907},
{"learn":[0.03300422867],"iteration":644,"passed_time":0.7195876233,"remaining_time":0.3960521027},
{"learn":[0.03279528085],"iteration":645,"passed_time":0.7206269804,"remaining_time":0.3948946611},
{"learn":[0.03258780718],"iteration":646,"passed_time":0.7216683715,"remaining_time":0.3937386942},
{"learn":[0.03238179636],"iteration":647,"passed_time":0.7230642339,"remaining_time":0.3927756332},
{"learn":[0.03217723721],"iteration":648,"passed_time":0.7243816216,"remaining_time":0.3917687969},
{"learn":[0.03197411864],"iteration":649,"passed_time":0.7255948128,"remaining_time":0.3907048992},
{"learn":[0.03177242966],"iteration":650,"passed_time":0.7266834875,"remaining_time":0.3895737898},
{"learn":[0.03157215938],"iteration":651,"passed_time":0.7277823123,"remaining_time":0.388448228},
{"learn":[0.031373297],"iteration":652,"passed_time":0.728961917,"remaining_time":0.3873656741},
{"learn":[0.03117583183],"iteration":653,"passed_time":0.7300492691,"remaining_time":0.386234017},
{"learn":[0.03097975326],"iteration":654,"passed_time":0.7310906098,"remaining_time":0.3850782601},
{"learn":[0.03078505078],"iteration":655,"passed_time":0.7320991362,"remaining_time":0.3839056446},
{"learn":[0.03059171397],"iteration":656,"passed_time":0.7330669617,"remaining_time":0.3827122799},
{"learn":[0.0303997325],"iteration":657,"passed_time":0.7342965253,"remaining_time":0.3816556408},
{"learn":[0.03020909615],"iteration":658,"passed_time":0.7354087766,"remaining_time":0.3805377737},
{"learn":[0.03001979476],"iteration":659,"passed_time":0.7363915017,"remaining_time":0.3793531978},
{"learn":[0.02983181828],"iteration":660,"passed_time":0.7377662726,"remaining_time":0.3783702972},
{"learn":[0.02964515673],"iteration":661,"passed_time":0.7388986338,"remaining_time":0.3772624444},
{"learn":[0.02945980025],"iteration":662,"passed_time":0.7402549883,"remaining_time":0.3762683726},
{"learn":[0.02927573904],"iteration":663,"passed_time":0.7413754159,"remaining_time":0.3751538249},
{"learn":[0.02909296338],"iteration":664,"passed_time":0.742513999,"remaining_time":0.3740484055},
{"learn":[0.02891146366],"iteration":665,"passed_time":0.7435215235,"remaining_time":0.3728771604},
{"learn":[0.02873123033],"iteration":666,"passed_time":0.7446936233,"remaining_time":0.3717885705},
{"learn":[0.02855225395],"iteration":667,"passed_time":0.7458548716,"remaining_time":0.3706943374},
{"learn":[0.02837452513],"iteration":668,"passed_time":0.7469009621,"remaining_time":0.3695429274},
{"learn":[0.02819803459],"iteration":669,"passed_time":0.7478694489,"remaining_time":0.3683536092},
{"learn":[0.02802277312],"iteration":670,"passed_time":0.7492735676,"remaining_time":0.3673785451},
{"learn":[0.02784873158],"iteration":671,"passed_time":0.7506687593,"remaining_time":0.3663978468},
{"learn":[0.02767590093],"iteration":672,"passed_time":0.7524786314,"remaining_time":0.3656174034},
{"learn":[0.02750427219],"iteration":673,"passed_time":0.753601103,"remaining_time":0.3645014237},
{"learn":[0.02733383647],"iteration":674,"passed_time":0.7547430432,"remaining_time":0.3633947986},
{"learn":[0.02716458495],"iteration":675,"passed_time":0.7559766948,"remaining_time":0.3623320253},
{"learn":[0.02699650888],"iteration":676,"passed_time":0.7570783452,"remaining_time":0.3612057688},
{"learn":[0.02682959961],"iteration":677,"passed_time":0.7582369383,"remaining_time":0.3601066285},
{"learn":[0.02666384855],"iteration":678,"passed_time":0.7593855416,"remaining_time":0.3590025904},
{"learn":[0.02649924717],"iteration":679,"passed_time":0.7603732966,"remaining_time":0.3578227278},
{"learn":[0.02633578703],"iteration":680,"passed_time":0.7613777246,"remaining_time":0.3566512396},
{"learn":[0.02617345976],"iteration":681,"passed_time":0.7624380528,"remaining_time":0.3555063062},
{"learn":[0.02601225707],"iteration":682,"passed_time":0.7635426895,"remaining_time":0.3543821853},
{"learn":[0.02585657948],"iteration":683,"passed_time":0.764808084,"remaining_time":0.3533323897},
{"learn":[0.02570185865],"iteration":684,"passed_time":0.7663345952,"remaining_time":0.3524020402},
{"learn":[0.02554366111],"iteration":685,"passed_time":0.7673710967,"remaining_time":0.3512456623},
{"learn":[0.02539082668],"iteration":686,"passed_time":0.768426716,"remaining_time":0.3500983437},
{"learn":[0.02523893117],"iteration":687,"passed_time":0.7696806578,"remaining_time":0.3490412285},
{"learn":[0.02508368168],"iteration":688,"passed_time":0.7709064335,"remaining_time":0.3479708285},
{"learn":[0.02493363702],"iteration":689,"passed_time":0.7718808621,"remaining_time":0.346787054},
{"learn":[0.02478451378],"iteration":690,"passed_time":0.772977513,"remaining_time":0.3456585405},
{"learn":[0.02463215636],"iteration":691,"passed_time":0.7740234531,"remaining_time":0.3445075485},
{"learn":[0.02448484912],"iteration":692,"passed_time":0.7752196807,"remaining_time":0.3434234372},
{"learn":[0.02433844613],"iteration":693,"passed_time":0.7767585564,"remaining_time":0.342490084},
{"learn":[0.02419109037],"iteration":694,"passed_time":0.7778298067,"remaining_time":0.3413497713},
{"learn":[0.02404646605],"iteration":695,"passed_time":0.7791913915,"remaining_time":0.3403364699},
{"learn":[0.0239020619],"iteration":696,"passed_time":0.7803455555,"remaining_time":0.339231999},
{"learn":[0.02375741242],"iteration":697,"passed_time":0.7814381984,"remaining_time":0.3381007678},
{"learn":[0.02361539481],"iteration":698,"passed_time":0.78258087,"remaining_time":0.3369911901},
{"learn":[0.0234725413],"iteration":699,"passed_time":0.7835882438,"remaining_time":0.3358235331},
{"learn":[0.02333224831],"iteration":700,"passed_time":0.7848785376,"remaining_time":0.3347770082},
{"learn":[0.02319116812],"iteration":701,"passed_time":0.7859720515,"remaining_time":0.3336462555},
{"learn":[0.02305257837],"iteration":702,"passed_time":0.7870048359,"remaining_time":0.332489952},
{"learn":[0.02291688736],"iteration":703,"passed_time":0.7880407058,"remaining_time":0.3313352968},
{"learn":[0.02277949022],"iteration":704,"passed_time":0.7891855821,"remaining_time":0.3302265911},
{"learn":[0.02264183309],"iteration":705,"passed_time":0.7903290449,"remaining_time":0.3291171943},
{"learn":[0.02250506733],"iteration":706,"passed_time":0.7913497955,"remaining_time":0.3279568459},
{"learn":[0.02236918691],"iteration":707,"passed_time":0.7923670986,"remaining_time":0.3267954701},
{"learn":[0.0222353305],"iteration":708,"passed_time":0.7934858833,"remaining_time":0.3256761524},
{"learn":[0.02210114007],"iteration":709,"passed_time":0.7949169657,"remaining_time":0.3246843944},
{"learn":[0.02196906679],"iteration":710,"passed_time":0.7964788867,"remaining_time":0.3237445826},
{"learn":[0.02183654036],"iteration":711,"passed_time":0.7976485818,"remaining_time":0.3226443702},
{"learn":[0.02170606879],"iteration":712,"passed_time":0.7990062589,"remaining_time":0.3216196302},
{"learn":[0.02157847288],"iteration":713,"passed_time":0.8004892741,"remaining_time":0.320644163},
{"learn":[0.02144956279],"iteration":714,"passed_time":0.8018051188,"remaining_time":0.3196006417},
{"learn":[0.0213202471],"iteration":715,"passed_time":0.8027858699,"remaining_time":0.3184234456},
{"learn":[0.0211917672],"iteration":716,"passed_time":0.8038169005,"remaining_time":0.3172666427},
{"learn":[0.02106411748],"iteration":717,"passed_time":0.8048075712,"remaining_time":0.3160943386},
{"learn":[0.02093729238],"iteration":718,"passed_time":0.8059247724,"remaining_time":0.3149719903},
{"learn":[0.02081220323],"iteration":719,"passed_time":0.8069513141,"remaining_time":0.3138143999},
{"learn":[0.02068810582],"iteration":720,"passed_time":0.8081972802,"remaining_time":0.3127420821},
{"learn":[0.02056360209],"iteration":721,"passed_time":0.8094937862,"remaining_time":0.3116887432},
{"learn":[0.02044075926],"iteration":722,"passed_time":0.8105696857,"remaining_time":0.3105502115},
{"learn":[0.02032076371],"iteration":723,"passed_time":0.8116290524,"remaining_time":0.3094055503},
{"learn":[0.02019980123],"iteration":724,"passed_time":0.8128714009,"remaining_time":0.3083305314},
{"learn":[0.02007830955],"iteration":725,"passed_time":0.8139061893,"remaining_time":0.3071767161},
{"learn":[0.01995760174],"iteration":726,"passed_time":0.8148806279,"remaining_time":0.3060005659},
{"learn":[0.01983993755],"iteration":727,"passed_time":0.8159863263,"remaining_time":0.304874012},
{"learn":[0.01972071903],"iteration":728,"passed_time":0.8169423184,"remaining_time":0.3036918632},
{"learn":[0.01960512819],"iteration":729,"passed_time":0.817921296,"remaining_time":0.3025188355},
{"learn":[0.01948864799],"iteration":730,"passed_time":0.8190227961,"remaining_time":0.3013914257},
{"learn":[0.01937384702],"iteration":731,"passed_time":0.8199862129,"remaining_time":0.3002135315},
{"learn":[0.01925977023],"iteration":732,"passed_time":0.8210042178,"remaining_time":0.2990561066},
{"learn":[0.01914411569],"iteration":733,"passed_time":0.8222748827,"remaining_time":0.2979906251},
{"learn":[0.01903144241],"iteration":734,"passed_time":0.8235793845,"remaining_time":0.2969367849},
{"learn":[0.0189201013],"iteration":735,"passed_time":0.8249338854,"remaining_time":0.295900198},
{"learn":[0.01880882831],"iteration":736,"passed_time":0.8262047206,"remaining_time":0.2948328922},
{"learn":[0.01869892736],"iteration":737,"passed_time":0.8272954895,"remaining_time":0.2937011087},
{"learn":[0.01858806144],"iteration":738,"passed_time":0.8282999175,"remaining_time":0.2925389424},
{"learn":[0.0184788356],"iteration":739,"passed_time":0.8293657266,"remaining_time":0.2913987688},
{"learn":[0.01836796422],"iteration":740,"passed_time":0.8305736777,"remaining_time":0.2903084784},
{"learn":[0.01826008188],"iteration":741,"passed_time":0.8315217441,"remaining_time":0.2891275067},
{"learn":[0.01815057388],"iteration":742,"passed_time":0.8324646804,"remaining_time":0.2879453874},
{"learn":[0.01804470814],"iteration":743,"passed_time":0.8334623049,"remaining_time":0.2867827286},
{"learn":[0.01793880829],"iteration":744,"passed_time":0.8344581659,"remaining_time":0.2856199091},
{"learn":[0.01783431164],"iteration":745,"passed_time":0.835554115,"remaining_time":0.2844916156},
{"learn":[0.01772878392],"iteration":746,"passed_time":0.8372909626,"remaining_time":0.2835804733},
{"learn":[0.01762275037],"iteration":747,"passed_time":0.8386579378,"remaining_time":0.2825425138},
{"learn":[0.01751737365],"iteration":748,"passed_time":0.8399138138,"remaining_time":0.2814664449},
{"learn":[0.01741264958],"iteration":749,"passed_time":0.8409295942,"remaining_time":0.2803098647},
{"learn":[0.01730830328],"iteration":750,"passed_time":0.8419608954,"remaining_time":0.2791588055},
{"learn":[0.01720605508],"iteration":751,"passed_time":0.8433027512,"remaining_time":0.2781104818},
{"learn":[0.01710320665],"iteration":752,"passed_time":0.8442647852,"remaining_time":0.2769367888},
{"learn":[0.01700099509],"iteration":753,"passed_time":0.845220096,"remaining_time":0.2757614637},
{"learn":[0.01689941636],"iteration":754,"passed_time":0.8462053861,"remaining_time":0.2745964498},
{"learn":[0.01679846644],"iteration":755,"passed_time":0.847211297,"remaining_time":0.2734385668},
{"learn":[0.01669814138],"iteration":756,"passed_time":0.8482486902,"remaining_time":0.2722911912},
{"learn":[0.0165984372],"iteration":757,"passed_time":0.8492461644,"remaining_time":0.2711313612},
{"learn":[0.01649935],"iteration":758,"passed_time":0.8506042624,"remaining_time":0.2700864654},
{"learn":[0.01640201326],"iteration":759,"passed_time":0.8521594404,"remaining_time":0.2691029812},
{"learn":[0.01630411462],"iteration":760,"passed_time":0.8531876955,"remaining_time":0.2679525088},
{"learn":[0.01620682178],"iteration":761,"passed_time":0.8543667294,"remaining_time":0.2668494509},
{"learn":[0.0161097374],"iteration":762,"passed_time":0.8553740832,"remaining_time":0.2656928673},
{"learn":[0.01601362377],"iteration":763,"passed_time":0.8563650341,"remaining_time":0.2645316074},
{"learn":[0.01591810466],"iteration":764,"passed_time":0.857319874,"remaining_time":0.2633596998},
{"learn":[0.01582317631],"iteration":765,"passed_time":0.8584016353,"remaining_time":0.2622271314},
{"learn":[0.01572997289],"iteration":766,"passed_time":0.8596265697,"remaining_time":0.2611381887},
{"learn":[0.01563618235],"iteration":767,"passed_time":0.8608325566,"remaining_time":0.2600431681},
{"learn":[0.01554297191],"iteration":768,"passed_time":0.8618193096,"remaining_time":0.2588820033},
{"learn":[0.01545033791],"iteration":769,"passed_time":0.8627929166,"remaining_time":0.2577173647},
{"learn":[0.01535781744],"iteration":770,"passed_time":0.8637729863,"remaining_time":0.2565551412},
{"learn":[0.01526630526],"iteration":771,"passed_time":0.8652426952,"remaining_time":0.2555379981},
{"learn":[0.01517747866],"iteration":772,"passed_time":0.8663857375,"remaining_time":0.2544237547},
{"learn":[0.0150882156],"iteration":773,"passed_time":0.8675379981,"remaining_time":0.2533121286},
{"learn":[0.01499832584],"iteration":774,"passed_time":0.8686037073,"remaining_time":0.2521752699},
{"learn":[0.01490899178],"iteration":775,"passed_time":0.8696034661,"remaining_time":0.2510195572},
{"learn":[0.01482020993],"iteration":776,"passed_time":0.8707035033,"remaining_time":0.249893026},
{"learn":[0.01473197684],"iteration":777,"passed_time":0.8717250652,"remaining_time":0.2487441703},
{"learn":[0.01464428905],"iteration":778,"passed_time":0.8730019925,"remaining_time":0.2476680877},
{"learn":[0.01455714315],"iteration":779,"passed_time":0.8739991758,"remaining_time":0.246512588},
{"learn":[0.01447053575],"iteration":780,"passed_time":0.8749935939,"remaining_time":0.2453567184},
{"learn":[0.01438555213],"iteration":781,"passed_time":0.8759752668,"remaining_time":0.2441977087},
{"learn":[0.01429998148],"iteration":782,"passed_time":0.8769843544,"remaining_time":0.2430467496},
{"learn":[0.01421438713],"iteration":783,"passed_time":0.8784350556,"remaining_time":0.2420178214},
{"learn":[0.01412985162],"iteration":784,"passed_time":0.8797383852,"remaining_time":0.2409474558},
{"learn":[0.01404583842],"iteration":785,"passed_time":0.8808121704,"remaining_time":0.2398140006},
{"learn":[0.01396234425],"iteration":786,"passed_time":0.8819039309,"remaining_time":0.238685562},
{"learn":[0.0138787993],"iteration":787,"passed_time":0.8831117718,"remaining_time":0.2375884462},
{"learn":[0.01379813988],"iteration":788,"passed_time":0.8842565278,"remaining_time":0.2364741792},
{"learn":[0.01371723722],"iteration":789,"passed_time":0.8853901114,"remaining_time":0.2353568651},
{"learn":[0.01363570939],"iteration":790,"passed_time":0.8865992345,"remaining_time":0.2342594691},
{"learn":[0.01355468515],"iteration":791,"passed_time":0.8877410945,"remaining_time":0.2331441258},
{"learn":[0.01347416135],"iteration":792,"passed_time":0.8888312021,"remaining_time":0.2320152066},
{"learn":[0.01339413489],"iteration":793,"passed_time":0.889871641,"remaining_time":0.2308734988},
{"learn":[0.01331460266],"iteration":794,"passed_time":0.8910880188,"remaining_time":0.2297774136},
{"learn":[0.01323556157],"iteration":795,"passed_time":0.8920689202,"remaining_time":0.228620678},
{"learn":[0.01315807466],"iteration":796,"passed_time":0.893107616,"remaining_time":0.2274791042},
{"learn":[0.01307997841],"iteration":797,"passed_time":0.8942870102,"remaining_time":0.2263734036},
{"learn":[0.01300174889],"iteration":798,"passed_time":0.8952495854,"remaining_time":0.2252129745},
{"learn":[0.01292459619],"iteration":799,"passed_time":0.896385203,"remaining_time":0.2240963008},
{"learn":[0.01284791994],"iteration":800,"passed_time":0.897470461,"remaining_time":0.2229670683},
{"learn":[0.01277171718],"iteration":801,"passed_time":0.8984926641,"remaining_time":0.2218223784},
{"learn":[0.01269535582],"iteration":802,"passed_time":0.8995211998,"remaining_time":0.2206795471},
{"learn":[0.01262007338],"iteration":803,"passed_time":0.9005309583,"remaining_time":0.2195324227},
{"learn":[0.0125468169],"iteration":804,"passed_time":0.9015338332,"remaining_time":0.218383972},
{"learn":[0.0124734822],"iteration":805,"passed_time":0.9025822182,"remaining_time":0.2172468366},
{"learn":[0.01239953089],"iteration":806,"passed_time":0.9036151626,"remaining_time":0.2161062285},
{"learn":[0.01232603618],"iteration":807,"passed_time":0.9046120857,"remaining_time":0.2149573273},
{"learn":[0.01225299524],"iteration":808,"passed_time":0.9056140789,"remaining_time":0.2138099988},
{"learn":[0.01218040524],"iteration":809,"passed_time":0.9066339474,"remaining_time":0.2126672222},
{"learn":[0.01210761204],"iteration":810,"passed_time":0.9078818673,"remaining_time":0.2115778951},
{"learn":[0.01203589823],"iteration":811,"passed_time":0.9089568148,"remaining_time":0.2104481295},
{"learn":[0.0119646271],"iteration":812,"passed_time":0.9099524755,"remaining_time":0.2093002619},
{"learn":[0.01189480777],"iteration":813,"passed_time":0.9109217739,"remaining_time":0.2081467444},
{"learn":[0.01182438735],"iteration":814,"passed_time":0.9119208012,"remaining_time":0.2070004273},
{"learn":[0.01175374852],"iteration":815,"passed_time":0.9128905405,"remaining_time":0.205847867},
{"learn":[0.01168417781],"iteration":816,"passed_time":0.9138817423,"remaining_time":0.2047005616},
{"learn":[0.01161503661],"iteration":817,"passed_time":0.9150432011,"remaining_time":0.2035915191},
{"learn":[0.01154632225],"iteration":818,"passed_time":0.9160320482,"remaining_time":0.2024442011},
{"learn":[0.01147736562],"iteration":819,"passed_time":0.9170176689,"remaining_time":0.2012965615},
{"learn":[0.01141083468],"iteration":820,"passed_time":0.9179857249,"remaining_time":0.2001454869},
{"learn":[0.01134436153],"iteration":821,"passed_time":0.9189647727,"remaining_time":0.1989972379},
{"learn":[0.01127726051],"iteration":822,"passed_time":0.9200086888,"remaining_time":0.197863351},
{"learn":[0.01121057372],"iteration":823,"passed_time":0.9210631959,"remaining_time":0.1967319447},
{"learn":[0.01114429863],"iteration":824,"passed_time":0.9222757558,"remaining_time":0.1956342512},
{"learn":[0.01107843268],"iteration":825,"passed_time":0.9232600138,"remaining_time":0.1944881869},
{"learn":[0.01101230209],"iteration":826,"passed_time":0.9242219978,"remaining_time":0.1933378544},
{"learn":[0.0109472303],"iteration":827,"passed_time":0.9251774288,"remaining_time":0.1921866156},
{"learn":[0.01087022223],"iteration":828,"passed_time":0.9262012752,"remaining_time":0.1910499615},
{"learn":[0.01080729994],"iteration":829,"passed_time":0.9283108304,"remaining_time":0.1901359532},
{"learn":[0.01073144018],"iteration":830,"passed_time":0.9299331914,"remaining_time":0.1891199872},
{"learn":[0.01065625898],"iteration":831,"passed_time":0.9312020227,"remaining_time":0.1880311777},
{"learn":[0.01059467376],"iteration":832,"passed_time":0.9324630085,"remaining_time":0.186940363},
{"learn":[0.01052061396],"iteration":833,"passed_time":0.9335040088,"remaining_time":0.1858053543},
{"learn":[0.01044721671],"iteration":834,"passed_time":0.9345144387,"remaining_time":0.1846645298},
{"learn":[0.0103871043],"iteration":835,"passed_time":0.9354905807,"remaining_time":0.1835172909},
{"learn":[0.01031478043],"iteration":836,"passed_time":0.9369638465,"remaining_time":0.1824672724},
{"learn":[0.01025547943],"iteration":837,"passed_time":0.9381208265,"remaining_time":0.1813551001},
{"learn":[0.01019657048],"iteration":838,"passed_time":0.9394026334,"remaining_time":0.1802667747},
{"learn":[0.01013601151],"iteration":839,"passed_time":0.9404039252,"remaining_time":0.1791245572},
{"learn":[0.01007783588],"iteration":840,"passed_time":0.941434535,"remaining_time":0.1779882177},
{"learn":[0.01000784474],"iteration":841,"passed_time":0.9425140616,"remaining_time":0.1768613085},
{"learn":[0.009950454195],"iteration":842,"passed_time":0.9436953446,"remaining_time":0.1757534628},
{"learn":[0.009893443242],"iteration":843,"passed_time":0.9448564677,"remaining_time":0.1746417168},
{"learn":[0.009834764448],"iteration":844,"passed_time":0.9461059657,"remaining_time":0.1735460647},
{"learn":[0.009778463114],"iteration":845,"passed_time":0.947155002,"remaining_time":0.1724135583},
{"learn":[0.009720510861],"iteration":846,"passed_time":0.9481948901,"remaining_time":0.1712795964},
{"learn":[0.009664910116],"iteration":847,"passed_time":0.9492522879,"remaining_time":0.170148995},
{"learn":[0.009607675128],"iteration":848,"passed_time":0.9504866059,"remaining_time":0.1690500324},
{"learn":[0.009552766064],"iteration":849,"passed_time":0.9520390335,"remaining_time":0.1680068883},
{"learn":[0.009496239186],"iteration":850,"passed_time":0.9531961186,"remaining_time":0.1668933275},
{"learn":[0.009440093827],"iteration":851,"passed_time":0.9543065714,"remaining_time":0.165771564},
{"learn":[0.009386185167],"iteration":852,"passed_time":0.9553796953,"remaining_time":0.1646433942},
{"learn":[0.009330734128],"iteration":853,"passed_time":0.956368332,"remaining_time":0.1635009092},
{"learn":[0.009277495438],"iteration":854,"passed_time":0.9575018956,"remaining_time":0.1623833624},
{"learn":[0.00922272987],"iteration":855,"passed_time":0.9588303048,"remaining_time":0.1612985559},
{"learn":[0.009170152645],"iteration":856,"passed_time":0.9598978777,"remaining_time":0.1601696575},
{"learn":[0.009106873252],"iteration":857,"passed_time":0.9609744034,"remaining_time":0.1590423838},
{"learn":[0.00905500528],"iteration":858,"passed_time":0.9620376227,"remaining_time":0.157913044},
{"learn":[0.009003480666],"iteration":859,"passed_time":0.9632563849,"remaining_time":0.1568091789},
{"learn":[0.008950408941],"iteration":860,"passed_time":0.9646172183,"remaining_time":0.155727983},
{"learn":[0.008899524487],"iteration":861,"passed_time":0.9661137903,"remaining_time":0.154667869},
{"learn":[0.008847107692],"iteration":862,"passed_time":0.9674726899,"remaining_time":0.1535848882},
{"learn":[0.008795044323],"iteration":863,"passed_time":0.9685750363,"remaining_time":0.1524608853},
{"learn":[0.008745085043],"iteration":864,"passed_time":0.9696234216,"remaining_time":0.1513285109},
{"learn":[0.008693663893],"iteration":865,"passed_time":0.9706344326,"remaining_time":0.1501905473},
{"learn":[0.008644324722],"iteration":866,"passed_time":0.9716361953,"remaining_time":0.1490514579},
{"learn":[0.008593537629],"iteration":867,"passed_time":0.9727039186,"remaining_time":0.1479227157},
{"learn":[0.008544810713],"iteration":868,"passed_time":0.9737497384,"remaining_time":0.1467908121},
{"learn":[0.008494649623],"iteration":869,"passed_time":0.9749089725,"remaining_time":0.1456760534},
{"learn":[0.00844652721],"iteration":870,"passed_time":0.976131933,"remaining_time":0.1445706307},
{"learn":[0.008388602412],"iteration":871,"passed_time":0.9771532945,"remaining_time":0.143435346},
{"learn":[0.008341128999],"iteration":872,"passed_time":0.9781330837,"remaining_time":0.1422942745},
{"learn":[0.008293970274],"iteration":873,"passed_time":0.9792945675,"remaining_time":0.141179766},
{"learn":[0.008245355099],"iteration":874,"passed_time":0.9807669466,"remaining_time":0.1401095638},
{"learn":[0.008198781461],"iteration":875,"passed_time":0.9818944883,"remaining_time":0.1389896308},
{"learn":[0.008150764468],"iteration":876,"passed_time":0.9830145952,"remaining_time":0.1378686376},
{"learn":[0.008103070995],"iteration":877,"passed_time":0.9841855728,"remaining_time":0.1367547151},
{"learn":[0.008057342085],"iteration":878,"passed_time":0.9852857399,"remaining_time":0.1356309153},
{"learn":[0.008010235228],"iteration":879,"passed_time":0.9864161372,"remaining_time":0.1345112914},
{"learn":[0.007965073124],"iteration":880,"passed_time":0.9874364065,"remaining_time":0.1333767677},
{"learn":[0.007918545453],"iteration":881,"passed_time":0.9884484897,"remaining_time":0.1322414079},
{"learn":[0.007873942993],"iteration":882,"passed_time":0.9894828168,"remaining_time":0.1311092747},
{"learn":[0.007820208045],"iteration":883,"passed_time":0.9905661209,"remaining_time":0.1299837896},
{"learn":[0.007776205694],"iteration":884,"passed_time":0.9917314269,"remaining_time":0.1288690555},
{"learn":[0.007730818195],"iteration":885,"passed_time":0.9927469272,"remaining_time":0.1277349319},
{"learn":[0.007687361179],"iteration":886,"passed_time":0.9940177724,"remaining_time":0.1266336057},
{"learn":[0.007642531109],"iteration":887,"passed_time":0.9952632174,"remaining_time":0.1255286941},
{"learn":[0.007599612545],"iteration":888,"passed_time":0.9964171914,"remaining_time":0.1244120453},
{"learn":[0.007555332851],"iteration":889,"passed_time":0.9974284829,"remaining_time":0.1232776777},
{"learn":[0.007512945946],"iteration":890,"passed_time":0.9984849639,"remaining_time":0.1221491146},
{"learn":[0.007469209669],"iteration":891,"passed_time":0.9995028285,"remaining_time":0.1210160375},
{"learn":[0.00742576808],"iteration":892,"passed_time":1.000506525,"remaining_time":0.1198815209},
{"learn":[0.007384147949],"iteration":893,"passed_time":1.001541373,"remaining_time":0.1187509906},
{"learn":[0.007341239305],"iteration":894,"passed_time":1.002526513,"remaining_time":0.1176148423},
{"learn":[0.007300134255],"iteration":895,"passed_time":1.003517464,"remaining_time":0.1164797057},
{"learn":[0.007257751824],"iteration":896,"passed_time":1.004608554,"remaining_time":0.1153563891},
{"learn":[0.007217155365],"iteration":897,"passed_time":1.005579335,"remaining_time":0.114219479},
{"learn":[0.007175292503],"iteration":898,"passed_time":1.00658721,"remaining_time":0.1130871059},
{"learn":[0.007135198229],"iteration":899,"passed_time":1.007604724,"remaining_time":0.1119560804},
{"learn":[0.00708663564],"iteration":900,"passed_time":1.008797635,"remaining_time":0.1108445792},
{"learn":[0.007047081841],"iteration":901,"passed_time":1.009959655,"remaining_time":0.1097295412},
{"learn":[0.007006242029],"iteration":902,"passed_time":1.011097537,"remaining_time":0.1086118063},
{"learn":[0.006967177595],"iteration":903,"passed_time":1.012328544,"remaining_time":0.1075039161},
{"learn":[0.006926837872],"iteration":904,"passed_time":1.013457187,"remaining_time":0.1063850086},
{"learn":[0.006888256644],"iteration":905,"passed_time":1.014452437,"remaining_time":0.1052522396},
{"learn":[0.006848410703],"iteration":906,"passed_time":1.015624517,"remaining_time":0.1041379053},
{"learn":[0.0068103066],"iteration":907,"passed_time":1.016770475,"remaining_time":0.103020797},
{"learn":[0.006770948217],"iteration":908,"passed_time":1.017782879,"remaining_time":0.1018902552},
{"learn":[0.00673185518],"iteration":909,"passed_time":1.018747488,"remaining_time":0.1007552461},
{"learn":[0.006694438233],"iteration":910,"passed_time":1.019723931,"remaining_time":0.09962176709},
{"learn":[0.006655823391],"iteration":911,"passed_time":1.020682368,"remaining_time":0.09848689511},
{"learn":[0.006618868727],"iteration":912,"passed_time":1.02167383,"remaining_time":0.09735555662},
{"learn":[0.006580726059],"iteration":913,"passed_time":1.022982099,"remaining_time":0.09625433318},
{"learn":[0.006544227868],"iteration":914,"passed_time":1.024004843,"remaining_time":0.09512613299},
{"learn":[0.006499820907],"iteration":915,"passed_time":1.025103919,"remaining_time":0.09400516285},
{"learn":[0.006463815554],"iteration":916,"passed_time":1.026213825,"remaining_time":0.09288522084},
{"learn":[0.006426602581],"iteration":917,"passed_time":1.027498493,"remaining_time":0.09178091114},
{"learn":[0.006391042064],"iteration":918,"passed_time":1.028569623,"remaining_time":0.09065738788},
{"learn":[0.006354283591],"iteration":919,"passed_time":1.0296065,"remaining_time":0.08953100002},
{"learn":[0.006319162322],"iteration":920,"passed_time":1.030805293,"remaining_time":0.08841869505},
{"learn":[0.006282852633],"iteration":921,"passed_time":1.031917815,"remaining_time":0.08729890407},
{"learn":[0.006248165098],"iteration":922,"passed_time":1.032874448,"remaining_time":0.08616612406},
{"learn":[0.006212298549],"iteration":923,"passed_time":1.033848877,"remaining_time":0.085035189},
{"learn":[0.006175646923],"iteration":924,"passed_time":1.034826171,"remaining_time":0.08390482468},
{"learn":[0.006141591116],"iteration":925,"passed_time":1.035797453,"remaining_time":0.08277431053},
{"learn":[0.006100034797],"iteration":926,"passed_time":1.037114751,"remaining_time":0.08167138813},
{"learn":[0.006066439411],"iteration":927,"passed_time":1.038287191,"remaining_time":0.08055676483},
{"learn":[0.006033068467],"iteration":928,"passed_time":1.03947927,"remaining_time":0.07944351798},
{"learn":[0.005998466627],"iteration":929,"passed_time":1.040681319,"remaining_time":0.07833085199},
{"learn":[0.005964098308],"iteration":930,"passed_time":1.041803019,"remaining_time":0.07721203903},
{"learn":[0.005931327809],"iteration":931,"passed_time":1.042828649,"remaining_time":0.07608621046},
{"learn":[0.005897378286],"iteration":932,"passed_time":1.044097661,"remaining_time":0.07497807426},
{"learn":[0.005865012457],"iteration":933,"passed_time":1.0451833,"remaining_time":0.07385663573},
{"learn":[0.005830429249],"iteration":934,"passed_time":1.046147919,"remaining_time":0.07272686066},
{"learn":[0.005798471415],"iteration":935,"passed_time":1.047134191,"remaining_time":0.07159891903},
{"learn":[0.005759352952],"iteration":936,"passed_time":1.0480986,"remaining_time":0.07046980979},
{"learn":[0.005727827743],"iteration":937,"passed_time":1.049082828,"remaining_time":0.06934236174},
{"learn":[0.005695072932],"iteration":938,"passed_time":1.050063308,"remaining_time":0.06821497529},
{"learn":[0.005663937381],"iteration":939,"passed_time":1.051533979,"remaining_time":0.06711919014},
{"learn":[0.005631581028],"iteration":940,"passed_time":1.052609017,"remaining_time":0.06599780232},
{"learn":[0.005600830251],"iteration":941,"passed_time":1.053727991,"remaining_time":0.06487921815},
{"learn":[0.005568867357],"iteration":942,"passed_time":1.054719213,"remaining_time":0.06375291108},
{"learn":[0.005538496533],"iteration":943,"passed_time":1.055739863,"remaining_time":0.06262863595},
{"learn":[0.005506034093],"iteration":944,"passed_time":1.056702218,"remaining_time":0.06150118729},
{"learn":[0.005473806922],"iteration":945,"passed_time":1.057701085,"remaining_time":0.06037617186},
{"learn":[0.005443967281],"iteration":946,"passed_time":1.058763297,"remaining_time":0.05925496806},
{"learn":[0.005410862735],"iteration":947,"passed_time":1.059749509,"remaining_time":0.05812971991},
{"learn":[0.005378002673],"iteration":948,"passed_time":1.06069466,"remaining_time":0.05700255811},
{"learn":[0.005348708592],"iteration":949,"passed_time":1.061645782,"remaining_time":0.0558760938},
{"learn":[0.005318231014],"iteration":950,"passed_time":1.062732884,"remaining_time":0.05475700453},
{"learn":[0.005289299001],"iteration":951,"passed_time":1.063713014,"remaining_time":0.05363258893},
{"learn":[0.005257209441],"iteration":952,"passed_time":1.064991604,"remaining_time":0.0525231956},
{"learn":[0.005227287725],"iteration":953,"passed_time":1.066139136,"remaining_time":0.05140712813},
{"learn":[0.005198879998],"iteration":954,"passed_time":1.067201588,"remaining_time":0.05028698584},
{"learn":[0.005167377821],"iteration":955,"passed_time":1.068408647,"remaining_time":0.04917361975},
{"learn":[0.005139325715],"iteration":956,"passed_time":1.069681497,"remaining_time":0.04806301395},
{"learn":[0.005110108413],"iteration":957,"passed_time":1.070667428,"remaining_time":0.04693949058},
{"learn":[0.005082403053],"iteration":958,"passed_time":1.071696685,"remaining_time":0.04581810644},
{"learn":[0.005051638891],"iteration":959,"passed_time":1.072786271,"remaining_time":0.04469942797},
{"learn":[0.005022953655],"iteration":960,"passed_time":1.073928051,"remaining_time":0.04358292818},
{"learn":[0.004995750221],"iteration":961,"passed_time":1.074939523,"remaining_time":0.04246122856},
{"learn":[0.004965548901],"iteration":962,"passed_time":1.075921657,"remaining_time":0.04133863064},
{"learn":[0.004938686167],"iteration":963,"passed_time":1.076885004,"remaining_time":0.04021562254},
{"learn":[0.004910674994],"iteration":964,"passed_time":1.077895634,"remaining_time":0.03909466029},
{"learn":[0.004881026108],"iteration":965,"passed_time":1.078861245,"remaining_time":0.03797234195},
{"learn":[0.004854649925],"iteration":966,"passed_time":1.080230425,"remaining_time":0.03686411998},
{"learn":[0.004827148104],"iteration":967,"passed_time":1.081231506,"remaining_time":0.03574319029},
{"learn":[0.004801097945],"iteration":968,"passed_time":1.082245683,"remaining_time":0.03462292692},
{"learn":[0.004772142893],"iteration":969,"passed_time":1.083359447,"remaining_time":0.03350596229},
{"learn":[0.004745140841],"iteration":970,"passed_time":1.084371571,"remaining_time":0.03238596864},
{"learn":[0.004719562355],"iteration":971,"passed_time":1.085390307,"remaining_time":0.03126638745},
{"learn":[0.004691136726],"iteration":972,"passed_time":1.086380286,"remaining_time":0.03014621555},
{"learn":[0.004665878746],"iteration":973,"passed_time":1.087342741,"remaining_time":0.02902557625},
{"learn":[0.004639509595],"iteration":974,"passed_time":1.088328002,"remaining_time":0.02790584619},
{"learn":[0.004611603626],"iteration":975,"passed_time":1.089305657,"remaining_time":0.02678620467},
{"learn":[0.004586802876],"iteration":976,"passed_time":1.090302239,"remaining_time":0.02566729938},
{"learn":[0.004560912215],"iteration":977,"passed_time":1.091341015,"remaining_time":0.02454959338},
{"learn":[0.004536418033],"iteration":978,"passed_time":1.09233891,"remaining_time":0.02343117172},
{"learn":[0.004509164434],"iteration":979,"passed_time":1.093395281,"remaining_time":0.0223141894},
{"learn":[0.004483743284],"iteration":980,"passed_time":1.094391783,"remaining_time":0.02119617113},
{"learn":[0.004459692359],"iteration":981,"passed_time":1.095403525,"remaining_time":0.02007867969},
{"learn":[0.004432936828],"iteration":982,"passed_time":1.0963861,"remaining_time":0.01896089898},
{"learn":[0.004409187436],"iteration":983,"passed_time":1.097404185,"remaining_time":0.01784397049},
{"learn":[0.00438276902],"iteration":984,"passed_time":1.098391339,"remaining_time":0.01672677166},
{"learn":[0.004358093896],"iteration":985,"passed_time":1.099383924,"remaining_time":0.01560991372},
{"learn":[0.00433477421],"iteration":986,"passed_time":1.100396367,"remaining_time":0.01449356918},
{"learn":[0.004310396868],"iteration":987,"passed_time":1.101380255,"remaining_time":0.01337708811},
{"learn":[0.00428736548],"iteration":988,"passed_time":1.102425053,"remaining_time":0.01226155266},
{"learn":[0.004261712218],"iteration":989,"passed_time":1.103396776,"remaining_time":0.01114542198},
{"learn":[0.004237776035],"iteration":990,"passed_time":1.104396474,"remaining_time":0.0100298368},
{"learn":[0.004215161214],"iteration":991,"passed_time":1.105978766,"remaining_time":0.008919183597},
{"learn":[0.004189976595],"iteration":992,"passed_time":1.107502392,"remaining_time":0.00780716691},
{"learn":[0.004166473342],"iteration":993,"passed_time":1.109064042,"remaining_time":0.006694551564},
{"learn":[0.004144267421],"iteration":994,"passed_time":1.110364526,"remaining_time":0.005579721238},
{"learn":[0.004119542854],"iteration":995,"passed_time":1.111747053,"remaining_time":0.004464847601},
{"learn":[0.004092715106],"iteration":996,"passed_time":1.112868753,"remaining_time":0.003348652215},
{"learn":[0.004070942436],"iteration":997,"passed_time":1.114335846,"remaining_time":0.002233137969},
{"learn":[0.004049317846],"iteration":998,"passed_time":1.115561242,"remaining_time":0.00111667792},
{"learn":[0.00402518997],"iteration":999,"passed_time":1.116687581,"remaining_time":0}
]}